rms_mean,rms_std,zcr_mean,zcr_std,centroid_mean,centroid_std,bandwidth_mean,bandwidth_std,rolloff_mean,rolloff_std,mfcc_1_mean,mfcc_1_std,mfcc_2_mean,mfcc_2_std,mfcc_3_mean,mfcc_3_std,mfcc_4_mean,mfcc_4_std,mfcc_5_mean,mfcc_5_std,mfcc_6_mean,mfcc_6_std,mfcc_7_mean,mfcc_7_std,mfcc_8_mean,mfcc_8_std,mfcc_9_mean,mfcc_9_std,mfcc_10_mean,mfcc_10_std,mfcc_11_mean,mfcc_11_std,mfcc_12_mean,mfcc_12_std,mfcc_13_mean,mfcc_13_std,item,condition,method,process,score_mean,score_std,score_median,n_ratings
0.031402417,0.03570158,0.03749966012906032,0.0342177410853484,974.7619730246498,543.516470217315,810.7489349248821,232.39434763655257,1804.392492024362,822.1442303163295,-419.53317,49.546535,159.60336,41.762142,17.27441,31.691988,-13.139897,21.501616,28.646458,22.054829,26.486025,14.928329,-6.376355,16.170547,-5.311316,12.185827,9.1084175,13.035933,-1.6433562,6.955285,-12.590655,9.145272,-2.7168756,9.188792,2.051651,9.12988,DE_CosmosLandromat_remix1_LD6,LP3.5,DE,LP35,19.23076923076923,11.772196710241271,20.0,26
0.032453965,0.03526453,0.05342827816850348,0.059230531457166766,1602.5971736864365,1083.385344370786,1473.5618772765285,348.87416059779355,2920.52186049884,1707.2000394959948,-389.59216,66.06662,142.14543,40.031525,-9.022073,48.705643,23.275728,24.262707,23.566374,19.486004,0.6953167,19.661392,15.629028,13.1225605,-1.9342327,12.311321,-6.853681,11.679987,5.194104,9.273527,-8.560016,8.63627,-5.265446,9.5124855,-0.25950265,9.164764,DE_CosmosLandromat_remix1_LD6,LP7,DE,LP70,44.15384615384615,21.52894295164964,40.5,26
0.034159996,0.033339053,0.06603352486948956,0.07440371512194462,2362.8916360941757,1554.666660988999,2695.2499986661887,731.5986956221577,4242.36576230786,2712.605689687524,-325.72836,64.84408,147.51453,43.957603,-17.903725,22.449793,24.528915,24.021383,6.713499,17.861143,11.592408,13.587175,1.3582661,11.70379,3.9204423,10.8795805,-1.2314923,6.729588,-4.127457,6.9198065,-2.626536,6.935969,-2.3318083,7.370068,-2.6735375,6.8283787,DE_CosmosLandromat_remix1_LD6,Q1,DE,OpenUnmix_mid,18.346153846153847,9.616412252778302,16.0,26
0.03493706,0.03348349,0.05891436158642691,0.07774189769153877,2453.770403769841,1750.8144523111973,3128.9445656704297,920.3003369509331,4623.068796675609,3333.1642878818716,-358.51465,80.82917,135.0898,48.61251,8.069408,34.527122,29.026125,26.64158,10.531586,18.715157,22.653341,14.190857,2.5735261,12.27563,9.038448,12.288315,-0.74368674,7.9880424,-1.0513549,8.942869,-4.7233777,7.4901776,-1.1452134,8.309126,1.4875282,7.6937017,DE_CosmosLandromat_remix1_LD6,Q2,DE,TFC_TDF_U_Net_mid,26.76923076923077,15.092535088069711,22.0,26
0.029820634,0.035545252,0.05590197215777262,0.06583207515123538,2535.865323951196,1661.8426214978742,3345.480040669416,958.7119579156416,4767.3312654074825,3343.1548879871207,-402.1406,69.90925,121.391335,49.82012,14.724571,34.56022,24.45317,24.766497,13.408702,16.98582,17.031122,16.237566,3.0071507,12.93069,4.156254,10.403051,0.030366406,8.246108,-4.2190833,8.870316,-4.631018,7.4820843,-1.9922484,8.764206,-3.3287475,8.267073,DE_CosmosLandromat_remix1_LD6,Q3,DE,Cocktail_mid,42.57692307692308,22.409235733372217,39.0,26
0.030636882,0.035107758,0.07406127646461717,0.10076175277138313,2854.5510436085856,2318.537677059284,3296.6516387809725,1099.3504694535097,5138.841470598898,4025.737084267723,-395.86108,77.54063,114.49074,64.03617,13.511973,35.602894,25.185694,27.484997,13.486123,18.189985,15.06506,16.178402,4.79266,13.74425,3.5500162,13.1106825,-0.68141246,9.31878,1.1166965,8.508089,-3.9932575,8.377328,-1.3522853,10.138597,-5.4671655,9.624761,DE_CosmosLandromat_remix1_LD6,Q4,DE,DeepFilterNet2_mid,53.19230769230769,19.94797078555958,55.0,26
0.032504655,0.035061438,0.07779872389791183,0.09416001842899126,3275.0127627620636,2216.3550418263217,3950.0721075998863,1170.146603149462,6240.357238344693,4381.386488283213,-376.4559,86.47303,107.344055,61.24379,11.115574,35.133595,24.664783,25.884531,12.811784,19.22728,17.504494,15.637868,4.3959317,13.449732,1.1336795,13.983126,-1.9973274,11.915375,-0.5577508,8.201844,-5.243836,9.149355,-2.7526286,11.039245,-6.2376795,10.583339,DE_CosmosLandromat_remix1_LD6,Q5,DE,PSM_quantize_mask,73.11538461538461,22.75667273232521,76.0,26
0.033097968,0.035025887,0.07969407083816706,0.0924128891819572,3397.9840891290332,2137.2329949029095,4105.160716996034,1154.9562271872567,6624.782369308295,4404.672962971227,-362.8388,87.81326,110.157486,57.55107,8.095412,33.133217,23.436766,24.04308,10.874685,18.353138,16.998386,14.472769,4.0702286,12.397123,0.9645922,13.196308,-2.6889625,11.146772,-0.90014994,7.39731,-5.64665,8.224706,-2.8706446,10.153011,-6.3464184,9.960277,DE_CosmosLandromat_remix1_LD6,Ref,DE,reference,99.42307692307692,2.9417420270727614,100.0,26
0.029654842,0.032052692,0.028091466067285385,0.0263639388800027,851.9637680214313,477.1698587548064,818.0893974335675,245.7792813395255,1658.4813093641242,846.2575158477639,-428.03827,68.34645,165.85057,54.28877,21.60212,31.159163,-5.7895365,29.101635,38.016582,21.71192,31.986216,14.596475,-5.266037,16.185625,-4.0450473,12.88723,11.874905,12.052588,0.62497336,9.629899,-10.891607,11.942652,-0.10910863,10.308433,5.665564,8.0688505,DE_CosmosLandromat_remix3_LD3,LP3.5,DE,LP35,21.423076923076923,11.771739300283802,20.0,26
0.030764999,0.03181231,0.04481708146026682,0.05429880562777385,1464.0495371863346,1047.6945912296737,1474.512850719118,398.84532578118296,2712.584061412413,1702.094690322234,-396.9718,86.393,147.39482,49.22905,-5.107313,49.72111,32.23831,27.478106,31.440128,18.78944,6.184506,19.623013,18.296804,14.765561,-2.2837272,13.678553,-3.9011264,14.222284,8.672721,10.354231,-8.169824,11.479553,-2.288845,10.7136545,3.877093,7.8837,DE_CosmosLandromat_remix3_LD3,LP7,DE,LP70,40.65384615384615,20.399886877514408,35.5,26
0.032554794,0.031205513,0.04700585031177494,0.06439421092034373,2203.3132933691295,1486.943858191573,2998.908313923725,907.0774120500013,3960.7854077544953,2837.6617134907956,-370.2965,94.23719,144.11378,50.373417,2.9071271,31.54223,27.91395,29.996117,13.989278,18.986872,21.180626,14.127464,-0.34986386,11.545953,5.5411787,12.533717,5.984694,12.406777,3.8428936,10.277801,-0.027075676,7.8544784,-1.319068,9.006255,3.5108979,7.1849732,DE_CosmosLandromat_remix3_LD3,Q1,DE,OpenUnmix_mid,23.153846153846153,14.647026476912803,22.0,26
0.031011298,0.03166017,0.05622541600203016,0.0698313519021268,2603.508909895343,1530.4002937422715,3461.5886898107283,949.817280557993,5174.488664171258,3223.2244987685726,-373.9882,101.31899,129.59355,48.910355,12.12101,38.872105,33.75536,30.838558,8.691665,19.114168,25.01607,14.997273,-3.0299795,13.270701,5.7559547,13.016058,0.16181524,13.449902,5.2795157,10.657175,-2.134712,9.8259535,-2.5912933,9.728355,1.8290106,7.8605666,DE_CosmosLandromat_remix3_LD3,Q2,DE,TFC_TDF_U_Net_mid,36.46153846153846,15.556942551107577,36.0,26
0.029905746,0.032480534,0.05310370142111369,0.07000814227701503,2817.739972709115,1622.2129771570021,3793.365525474853,1013.7418899406874,5521.9925953451275,3454.322469170232,-382.74228,101.148834,119.04412,55.200333,10.55641,32.786205,32.815414,29.43415,17.796112,18.659906,25.092558,15.451418,-2.018177,11.953377,4.093933,12.092788,1.1743605,13.296043,5.9431806,10.69035,-2.6861517,9.684216,-0.39325887,9.821107,-0.25197473,7.7159314,DE_CosmosLandromat_remix3_LD3,Q3,DE,Cocktail_mid,44.61538461538461,16.134625928299478,44.5,26
0.030560374,0.03177862,0.05478492966937355,0.07268338435825733,2703.6438640911074,1846.043586123086,3546.2743757586477,1112.7624804773473,4977.642213330191,3742.8349945607138,-391.19345,105.43046,118.20372,59.58473,12.6844845,40.596832,36.47847,30.802967,15.480722,20.948868,24.101187,17.605806,5.5489883,15.194936,4.178134,14.159362,3.9103246,14.736016,7.420255,12.091892,-2.7472208,10.546083,0.18298098,11.760514,0.34821838,8.821463,DE_CosmosLandromat_remix3_LD3,Q4,DE,DeepFilterNet2_mid,66.65384615384616,15.86428014803649,66.5,26
0.030609688,0.032139793,0.05987223118474478,0.07482359126510901,2800.974436261236,1812.7684444525387,3636.5927649653354,967.9311471942572,5191.000783968968,3557.508895963425,-379.81024,105.20066,113.84065,58.80468,10.853751,38.83399,36.74298,30.0661,17.209404,20.289515,25.984697,16.896606,4.1541343,14.527142,2.6646774,14.161943,-1.2585692,14.154768,2.8214107,11.830741,-4.523955,11.693511,-0.83787745,12.26223,-0.73898727,8.952736,DE_CosmosLandromat_remix3_LD3,Q5,DE,PSM_quantize_mask,76.42307692307692,20.171609904860002,81.0,26
0.031215291,0.031886727,0.060080685361078884,0.0733845819571707,2895.2083543347935,1770.8917910799075,3808.644996235786,961.6950721685364,5507.154169989849,3606.3333104391345,-370.84412,105.389175,116.462296,56.048126,10.480963,37.191006,34.58774,27.902283,15.908067,19.393517,25.740267,15.557942,3.5140364,13.57713,3.2865486,13.331255,-1.4247509,13.201594,3.1056993,10.903838,-4.7599945,10.75899,-1.0310074,11.235875,-0.890286,8.462694,DE_CosmosLandromat_remix3_LD3,Ref,DE,reference,100.0,0.0,100.0,26
0.025577337,0.028636374,0.029860712342843328,0.01781567098293538,958.4494341954337,316.3731590149535,849.5928457417426,223.22459169591085,1895.4841539984284,601.6238362817891,-442.02048,62.89589,174.63889,46.366978,11.388214,24.568584,-23.35415,25.010216,23.292387,21.046093,20.08729,12.2316885,-13.94134,15.869728,-6.765662,11.519045,12.300263,11.433554,-0.64613295,8.4261875,-12.513605,11.075738,0.053416356,8.617788,3.5820177,7.502004,DE_ElephantsDream_LD0,LP3.5,DE,LP35,17.96153846153846,10.045818111953926,20.0,26
0.026160419,0.028730642,0.04267597014023211,0.039100289988936325,1565.1798676958465,739.3768153989683,1568.6113813783943,343.17852150369566,3075.0205418127416,1321.6892786915746,-407.57944,84.80459,154.38026,35.898376,-18.625555,42.702488,18.819622,24.69688,16.747604,18.18713,-9.46154,15.853958,12.267734,13.693661,-3.7058604,13.813489,-6.5547347,12.6618805,8.532747,11.43614,-8.24933,10.683983,-4.034994,9.681333,2.104945,8.577645,DE_ElephantsDream_LD0,LP7,DE,LP70,34.0,18.01332839871632,31.0,26
0.027133998,0.028312711,0.06023709501934236,0.06016742532699501,2516.155335369096,1338.421033243678,2774.716888131538,682.8697519539588,4862.547128112911,2401.7985076369546,-356.42154,93.87708,138.11516,32.488953,-26.35712,25.864733,21.654993,25.14519,-4.009717,23.17862,10.51999,14.866478,-8.46078,15.282498,-2.5611744,12.224558,-2.958534,11.524452,-4.1131053,8.882881,-3.1899934,8.3276615,-2.814056,8.459069,-2.3256423,7.5458922,DE_ElephantsDream_LD0,Q1,DE,OpenUnmix_mid,27.307692307692307,15.223059431715377,25.5,26
0.026707385,0.028563302,0.0645532368230174,0.0706983033958685,2900.705728825925,1488.513177992365,3452.127892706588,688.6129585341062,5976.609250332447,2897.33900502907,-376.28583,102.43447,125.27398,33.886093,-5.5243263,32.695507,26.480515,27.655943,-4.743841,22.87105,17.466618,15.005195,-9.524803,14.0347185,3.057324,12.294564,-5.33856,11.501889,1.6418226,9.625812,-4.156234,8.882366,-3.5563147,9.145064,-0.4448445,7.9047956,DE_ElephantsDream_LD0,Q2,DE,TFC_TDF_U_Net_mid,43.65384615384615,22.73665288945109,42.5,26
0.026297202,0.029513631,0.054285636031189556,0.07106369500614473,2552.988291494575,1628.527459148683,3135.0088860230003,718.0674667711378,4854.841823319633,2774.1901323453017,-392.22147,94.68455,124.714355,40.08505,-1.4395117,30.023594,23.811903,26.97413,0.62781394,20.951738,10.862355,14.464465,-4.374677,14.704972,-0.045623958,11.952988,-2.9171422,12.290947,0.74107605,9.399108,-4.25542,8.864515,-1.3737147,9.538858,-3.6602912,7.984729,DE_ElephantsDream_LD0,Q3,DE,Cocktail_mid,50.88461538461539,22.02784950570876,54.5,26
0.025880747,0.028751194,0.06107576764990329,0.07650118051466312,2818.7813858046834,1796.4643669232846,3400.9034797276645,861.2572455656341,5444.46424119016,3207.0058604825444,-385.54822,100.243126,118.671524,41.81658,1.0770308,28.946583,22.534502,25.986645,-0.25708055,21.321903,12.475412,14.705562,-4.180041,15.246616,1.9845426,12.021325,-3.1171238,13.351928,1.291527,9.284346,-5.963691,10.198291,-1.192044,9.924784,-4.606306,8.252575,DE_ElephantsDream_LD0,Q4,DE,DeepFilterNet2_mid,63.65384615384615,22.784103770290915,66.0,26
0.026550846,0.028966488,0.058954058117746615,0.0716890185170803,2745.5699547933796,1716.7552797522917,3305.47501497694,796.4655496350937,5323.595081676136,3108.958625652048,-381.79895,109.240555,117.42672,39.861427,1.1156739,28.504248,21.796463,26.26855,0.1362863,21.089642,12.355829,14.744898,-4.4330196,14.514084,1.8493757,12.304831,-3.9295583,14.452635,2.1257164,9.5797825,-5.556183,10.782417,-2.0814312,9.97517,-4.5049143,8.632176,DE_ElephantsDream_LD0,Q5,DE,PSM_quantize_mask,74.3076923076923,20.021526876378296,79.0,26
0.026745392,0.02887407,0.056982044094535785,0.0686224910231568,2746.7949880430488,1647.290223758543,3333.8295656271525,775.9313851747636,5372.26345276233,3014.284000411863,-377.6257,112.58763,118.88261,38.016457,-0.61023635,28.319693,21.19265,24.866112,-0.53344977,20.250284,12.278107,14.292471,-3.9922216,13.9427805,2.19164,11.890457,-3.611156,13.765128,2.5047197,8.872026,-5.0777926,10.145652,-1.6606025,9.385201,-4.2822714,8.241913,DE_ElephantsDream_LD0,Ref,DE,reference,98.07692307692308,9.805806756909202,100.0,26
0.023545986,0.034170248,0.03720397241154293,0.02072207059014395,956.1079242123145,340.6939623017923,748.4278090254702,223.79243527808208,1710.490739649797,588.3320182494311,-416.271,62.237823,151.90038,50.95432,19.370478,20.646814,-23.649122,18.002857,5.0285096,21.62561,12.707183,14.394663,-4.2341256,14.688191,-2.5593562,12.042438,7.3503184,9.761494,1.0377882,10.858324,-4.698452,16.090519,2.0651515,10.297691,1.3303559,7.864387,DE_Meridian_remix1_LD3,LP3.5,DE,LP35,21.615384615384617,14.554935721127519,20.0,26
0.024816783,0.03419155,0.05105597900957077,0.04471172283247576,1501.32570718804,868.7167551553301,1379.5448851357046,387.16242840852544,2695.9720195584396,1460.0816320463005,-393.37204,81.250046,138.35501,43.33224,-0.56941116,36.622967,4.7387624,28.43316,0.30612764,17.363499,-7.36884,17.839489,14.33499,13.440993,-0.93508434,14.131592,-6.5127497,14.616264,8.961392,9.314384,-1.846362,16.372581,-2.8422825,13.949763,2.2440631,9.671757,DE_Meridian_remix1_LD3,LP7,DE,LP70,43.42307692307692,19.465195764590863,40.0,26
0.025526272,0.034124482,0.05860224677349188,0.04165969041261581,1892.4207872836078,1005.4160919829792,1998.765919547406,600.2603497062107,3370.2710357453598,1873.6024733423096,-365.5997,80.59762,141.67169,42.549286,-9.510758,25.742321,-6.6062646,32.197636,-17.687012,15.662443,-0.3309125,13.813718,16.145197,9.997484,1.5751872,11.944997,-3.0750508,9.026166,6.762821,9.183859,6.2622333,12.453243,3.4309025,12.59621,3.7061222,7.367517,DE_Meridian_remix1_LD3,Q1,DE,OpenUnmix_mid,31.153846153846153,15.622272069560966,30.0,26
0.023430044,0.032188967,0.0450742504712877,0.04891116714544807,2021.0645813774113,1076.7432388789068,2916.873723200586,567.9740275055813,3294.7549417234627,2072.42455491089,-401.81042,86.98702,127.61262,41.228336,15.452044,31.489714,10.558329,34.610683,-9.685135,15.696414,5.580783,12.755597,13.323616,10.1855,5.017621,14.06827,0.6300961,12.204135,9.079823,9.570315,7.294352,15.911409,2.6409466,16.11621,3.8592293,9.266062,DE_Meridian_remix1_LD3,Q2,DE,TFC_TDF_U_Net_mid,50.46153846153846,22.83896804889532,47.5,26
0.021096699,0.03350134,0.052383741480568444,0.05038602406616293,1871.7253733486853,1237.5124703387448,2389.8035091509832,531.3221577920255,2986.8201448303366,2087.3293568201125,-416.42838,82.45435,120.228546,47.880463,15.123448,29.87009,3.264683,34.70726,-13.754509,17.576551,2.1011386,14.742639,13.212482,10.517011,4.585167,14.020408,0.14556707,11.762132,7.7170935,9.230442,7.982971,14.01007,4.750681,14.103978,2.3663235,8.636265,DE_Meridian_remix1_LD3,Q3,DE,Cocktail_mid,49.5,19.123284236762263,49.5,26
0.022626368,0.033975847,0.05584079538863109,0.05079280394876135,2203.840908161327,1294.908896045364,3081.427278756142,732.2570574690992,3461.225087460122,2348.5772140427866,-401.10114,87.80192,116.01387,44.880142,11.377078,31.85561,6.926379,35.435684,-12.262231,19.099545,1.8632948,15.202439,12.8818865,11.848706,4.022358,13.859975,1.7640382,11.435351,9.9922695,10.043404,6.3452287,15.966931,1.8024948,16.589373,1.8283825,9.575612,DE_Meridian_remix1_LD3,Q4,DE,DeepFilterNet2_mid,57.65384615384615,18.67820614018875,55.0,26
0.02463813,0.034539588,0.056945375942575406,0.049872111291928756,2285.4380985691937,1267.85995416135,3223.9518892002097,979.7929151283072,3667.264367477523,2251.246207401017,-389.6184,92.29379,120.49106,44.6815,7.730985,29.884998,8.07472,33.52225,-8.181643,17.209604,1.0766746,14.336624,9.728775,11.846624,-0.2593264,14.663131,-2.551887,12.952699,4.9721727,10.64115,1.6160717,16.299772,-2.2746775,15.547638,0.008320607,10.085146,DE_Meridian_remix1_LD3,Q5,DE,PSM_quantize_mask,83.73076923076923,16.91048832484194,90.0,26
0.024948323,0.034244094,0.05661230242169374,0.04908372746184377,2286.25345074231,1234.338379302592,3204.7360873551847,961.4220302725086,3755.3206795606147,2173.7959534029487,-382.53525,93.7255,125.793976,44.4584,5.021197,29.204084,7.057554,31.336576,-7.3616724,15.558038,1.1223267,13.590627,9.116391,11.3410015,-0.72160286,13.862937,-2.84202,12.535133,4.312718,9.798819,0.9591873,14.802102,-2.614295,13.969975,-0.18143415,9.585512,DE_Meridian_remix1_LD3,Ref,DE,reference,99.07692307692308,4.706787243316416,100.0,26
0.03191858,0.031107541,0.04067515035662476,0.031165269140975158,1022.4966213960314,526.1131264863093,801.8756287805019,250.68795901149343,1860.5395555035059,760.6480533416485,-422.47174,66.507164,171.79185,56.204697,14.225815,31.875349,-17.281282,24.777857,29.107307,25.947523,23.76173,16.8503,-13.510247,15.7913885,-9.900776,10.037098,6.9256797,13.4057,-6.4916716,8.609194,-17.926495,11.449211,-3.8049152,9.3082,2.714316,9.283695,DE_Meridian_remix2_LD6,LP3.5,DE,LP35,20.692307692307693,14.10749936953883,20.0,26
0.034057945,0.03052216,0.05918355974975822,0.05592331187926286,1724.7883211512517,1067.667955912888,1512.2863768689588,350.4064225364498,3129.5199543641197,1597.6607300907606,-384.80692,87.1993,149.3306,50.623463,-18.185778,50.910995,29.345556,31.84132,20.6585,22.40618,-8.269861,21.819792,16.83838,15.770904,-8.358759,13.115921,-14.377096,11.614096,6.324434,11.844059,-14.746545,11.751826,-10.174789,11.485123,4.235494,9.760684,DE_Meridian_remix2_LD6,LP7,DE,LP70,38.80769230769231,22.195529695448553,30.0,26
0.034744196,0.030243045,0.05959014597437137,0.06199745793162119,1989.6576045861623,1408.429447185612,2091.760081203581,571.7382093934698,3607.519578472558,2299.937882053042,-359.80023,95.9495,143.5597,54.621307,-12.425534,38.225964,36.342834,39.687008,9.056886,18.968298,10.958709,18.1927,8.092703,12.96284,-7.6166153,14.168092,-4.9993334,10.243159,-1.1836802,10.210948,-7.487874,11.061842,-8.722527,10.653717,0.12474323,10.288034,DE_Meridian_remix2_LD6,Q1,DE,OpenUnmix_mid,37.38461538461539,17.218773296787255,36.5,26
0.035093244,0.030239983,0.060995489301257255,0.06127135069598171,2246.116997736252,1367.0328153864475,2669.7682995618397,790.9442792046502,4173.85948077853,2630.302901560941,-362.54355,100.73491,138.97678,53.986687,-6.0687256,42.737595,36.32894,38.36315,5.206823,19.210112,15.022858,17.999758,8.293318,12.146034,-4.4523053,14.698289,-5.0311084,10.806605,0.20223333,9.88683,-6.5986395,11.406007,-8.197494,11.896011,2.4012628,10.811485,DE_Meridian_remix2_LD6,Q2,DE,TFC_TDF_U_Net_mid,41.92307692307692,20.45858856700154,40.0,26
0.033305287,0.031547267,0.06377784242021277,0.06756486675175054,2265.3291492614762,1551.7111056087526,2576.062327142915,732.3762844919187,3901.445718613999,2571.4617583674244,-380.74475,94.39946,128.69452,61.51709,-4.013794,43.80756,35.950844,39.32498,8.111531,19.96975,13.339398,18.881687,7.894792,12.975227,-7.7485247,13.663264,-7.069066,11.471619,-1.6588854,11.3599615,-7.624766,11.622719,-8.736042,12.301341,-1.4248929,11.15096,DE_Meridian_remix2_LD6,Q3,DE,Cocktail_mid,57.73076923076923,18.71802915332208,56.0,26
0.032754567,0.032461304,0.06932318740933269,0.0690982171675585,2479.1521014058358,1589.1664784871216,2980.4563059160428,851.5640386911303,4204.326672434115,2661.125495407399,-378.7928,101.65427,119.812256,61.526726,-3.471514,45.412792,35.55055,36.264668,5.5772953,21.073706,10.388718,19.824268,10.060662,14.285219,-7.5018635,14.609255,-3.6379442,11.1427765,0.6507614,12.019164,-7.650926,12.639193,-9.107331,12.840755,-0.17411855,12.177806,DE_Meridian_remix2_LD6,Q4,DE,DeepFilterNet2_mid,71.46153846153847,17.803888944229616,74.5,26
0.034260392,0.03072861,0.06607994212403288,0.06425750422411457,2471.7031148212495,1510.0149943864587,3007.287285332751,859.0717871187883,4239.292096077128,2527.7040394365,-370.71603,103.18192,121.741684,61.063744,-6.5962186,42.949024,36.444954,37.119175,6.4441166,20.788452,8.587805,19.320023,8.30112,13.587969,-8.934569,14.684574,-5.9215894,11.506606,-3.33896,11.183978,-8.995597,12.095424,-9.401003,12.560901,-0.93021744,10.798613,DE_Meridian_remix2_LD6,Q5,DE,PSM_quantize_mask,79.34615384615384,20.28387006010896,83.0,26
0.03440936,0.03052815,0.06618335952611218,0.06367487541150688,2514.175064661633,1472.3993352248976,3074.745764989245,867.9487284401386,4331.110174005682,2475.481569725655,-364.51965,103.341064,125.999916,59.26833,-8.322041,40.855244,34.618664,35.50743,5.4328346,19.668083,7.9560847,17.955357,7.564317,12.74583,-9.184633,13.767477,-5.9989514,10.918249,-3.5814536,10.398404,-9.025973,11.386283,-9.395585,11.950728,-1.2153859,10.177161,DE_Meridian_remix2_LD6,Ref,DE,reference,96.03846153846153,11.867538141436984,100.0,26
0.03132899,0.03092392,0.0496872169384058,0.02840594377115966,1224.0386953989334,461.58376836735255,834.1305089457217,180.57087366097883,2159.031292459239,540.6882385044703,-425.54276,49.36128,189.90022,48.79629,-15.805509,25.586948,-46.904644,19.536945,30.155893,24.732937,33.256676,16.57221,-16.549555,10.28656,-14.784396,10.153089,10.584386,9.24639,-2.2404127,7.2174788,-18.739944,9.598132,-5.103925,8.922801,2.4349747,7.482077,DE_SitaSings_remix1_LD0,LP3.5,DE,LP35,20.307692307692307,12.168054012928218,20.0,26
0.031764656,0.030878209,0.06390257019927537,0.04326531428477937,1822.513007297921,820.2547296830458,1520.8556322015013,302.2432408621082,3317.4552055027175,1333.4762189755447,-382.85126,58.40548,164.55278,45.396435,-52.608932,27.991404,5.5485196,28.924032,21.092403,21.852356,-2.660776,16.170519,16.53218,13.080454,-12.436698,11.638159,-12.14185,9.317395,10.1324415,7.9365735,-15.00492,11.359549,-9.807909,8.775124,1.7652252,7.7450757,DE_SitaSings_remix1_LD0,LP7,DE,LP70,40.26923076923077,19.115559510111527,40.0,26
0.031046748,0.029158257,0.07258477694746376,0.047993209373291976,2665.9512377596793,1105.7329598284641,2823.709080143993,565.7102951504505,4986.122409986413,2180.182612047839,-325.89703,69.87047,145.06482,42.151672,-54.5656,20.05756,5.1079755,24.693762,-21.83583,18.662212,20.23496,17.85495,-8.941678,8.808234,-7.7029448,8.785393,-1.9571033,7.9911075,-7.4537277,7.288185,-0.78925925,6.3266287,-8.898181,7.328663,-4.1216927,7.4089537,DE_SitaSings_remix1_LD0,Q1,DE,OpenUnmix_mid,18.0,14.499655168313485,13.0,26
0.031967793,0.03183572,0.0740036231884058,0.05592986600691606,2837.697303559364,1299.490252048384,3170.891715982817,567.4701287483882,5506.41452955163,2444.1826144135634,-352.2001,62.684113,128.76143,37.13144,-33.28013,25.367867,19.415915,33.092796,-8.3189535,16.787415,29.201563,18.797295,-5.238414,10.299494,-6.44505,9.787834,-2.5503182,8.392583,0.72523636,7.116272,-3.264467,8.59186,-8.225861,9.105475,-2.5459366,7.7231135,DE_SitaSings_remix1_LD0,Q2,DE,TFC_TDF_U_Net_mid,37.26923076923077,18.007904247430222,31.5,26
0.032122683,0.03153301,0.07268597146739131,0.055561415894631615,2825.7075961325404,1349.9539836504289,3137.7142856305636,647.1456426710903,5338.892450747283,2528.5269673723847,-354.2159,70.1378,128.04135,42.737724,-38.62554,25.811028,16.82096,34.66268,-3.6045706,19.913078,23.810835,18.092627,-2.7878153,9.221775,-6.487547,9.790589,-3.828109,8.8652,-1.1534567,6.2836547,-4.4067707,8.305665,-7.522053,8.930242,-5.0852814,8.195011,DE_SitaSings_remix1_LD0,Q3,DE,Cocktail_mid,37.07692307692308,22.090582748172267,29.5,26
0.03229961,0.031764735,0.0688285495923913,0.0561556848342127,2560.4449602311333,1438.6667334515487,2806.6664581986543,697.8546177292828,4625.019955842391,2559.72342074339,-369.54132,55.136482,132.68782,49.40029,-39.1758,32.65807,8.116067,34.19193,-1.8243284,24.202202,19.395325,21.832985,0.36988857,12.564915,-10.3575325,11.741819,-1.7001097,9.7697115,-2.5127082,7.498703,-2.668148,8.426614,-9.040901,9.063408,-5.1409245,8.205438,DE_SitaSings_remix1_LD0,Q4,DE,DeepFilterNet2_mid,50.15384615384615,21.41157127852565,52.0,26
0.032347996,0.031381812,0.07151975769927536,0.05604070643663385,2628.710337482249,1384.98528874028,2890.3116580523597,623.4155374230031,4771.882642663043,2506.2007959244656,-365.87292,66.006485,133.55257,46.308407,-38.416943,29.309404,14.368324,33.884148,-1.6833266,22.409342,23.775414,22.471561,-0.66004026,11.891097,-9.78691,12.678016,-3.7018883,10.508463,-2.5398386,7.960726,-5.7400417,10.147881,-10.290828,9.92847,-4.37956,9.195721,DE_SitaSings_remix1_LD0,Q5,DE,PSM_quantize_mask,74.65384615384616,21.205550797264962,77.5,26
0.03208982,0.03086309,0.07312754755434783,0.055538411312471704,2740.580767779815,1325.8110231158332,3013.059114283522,570.1257196157945,5028.34621263587,2424.495368577035,-355.0511,71.63201,132.92007,43.66521,-40.379772,26.851795,15.423162,31.296404,-3.8604467,20.187788,24.762144,21.095629,-1.7311702,11.128663,-8.59209,12.109719,-4.1965666,10.032013,-1.8232356,7.3091383,-6.9505305,10.276664,-10.193201,8.996608,-3.8721619,8.696679,DE_SitaSings_remix1_LD0,Ref,DE,reference,98.53846153846153,6.506801175574797,100.0,26
0.036787026,0.028557902,0.039339696415618956,0.0246666982674638,1128.176315738187,409.340007477849,908.3910941943678,177.97989395107575,2192.1800388358315,636.028829454072,-408.02042,50.68297,201.4906,39.159668,-4.9102435,24.36945,-33.973633,19.322828,36.360157,20.808855,25.733925,11.973092,-26.842405,16.385956,-16.390862,11.406939,10.83515,11.883342,-8.1058235,9.58568,-22.842941,13.861132,-0.4755422,10.087156,8.196261,7.8701096,DE_SitaSings_remix2_LD6,LP3.5,DE,LP35,23.0,13.614697940094004,20.0,26
0.03820758,0.028179184,0.059843258885396516,0.05334212283157526,1851.6635263056523,954.3918599439912,1547.1601186549858,349.6226144437022,3508.558474749154,1462.2184239933551,-360.45657,63.261906,174.43362,38.20512,-47.999306,38.982918,23.78805,25.751286,30.95645,20.329859,-18.255497,18.5693,7.7209034,15.318556,-6.662452,12.410191,-18.586096,11.314883,1.8311931,13.87817,-11.082468,10.753404,-8.686518,12.396628,3.0883212,9.3364105,DE_SitaSings_remix2_LD6,LP7,DE,LP70,41.69230769230769,16.096631276808772,40.0,26
0.04001463,0.026034843,0.0698936359102998,0.057281675030129015,2499.3737260642492,1320.3026328436044,2470.7545664575414,691.1866361653393,4676.45360478119,2371.5432556424225,-293.3669,59.26973,158.7539,40.062435,-48.65761,21.456022,29.87006,26.100174,-3.9826977,24.392763,3.4631743,15.684851,-21.945036,12.973381,-4.5607147,10.8428335,-13.974016,8.664156,-14.685441,11.350706,4.4258485,8.236387,-12.590902,11.872437,-1.5411662,8.167257,DE_SitaSings_remix2_LD6,Q1,DE,OpenUnmix_mid,21.96153846153846,15.63452786426445,18.5,26
0.03949822,0.027507491,0.0700442758704062,0.06629831078752257,2748.439485141958,1506.8953836468927,2906.4348722905493,689.1560320022749,5219.573466966876,2685.585224051821,-310.82547,66.32591,139.40773,42.003887,-28.940723,27.813131,42.40959,27.01456,3.875916,23.374199,17.906704,16.08263,-17.30137,15.141927,7.6345882,12.67469,-12.402969,10.880078,-7.0221963,11.630786,3.574071,9.212309,-9.578487,12.923418,3.4233687,8.676028,DE_SitaSings_remix2_LD6,Q2,DE,TFC_TDF_U_Net_mid,39.61538461538461,16.21869766183937,40.0,26
0.037886295,0.028795693,0.07777366416827854,0.08150025177773508,2888.322604384501,1761.1029427305823,2915.644451504675,729.2095224354537,5265.846946022727,2880.909990404089,-332.39566,71.91382,129.51941,50.864452,-29.197355,29.694778,39.402306,29.592033,5.909547,24.739765,13.122317,15.869908,-14.309644,15.855359,1.9151636,12.944662,-12.515057,11.513623,-9.717086,12.882138,2.8898652,9.382371,-8.439521,13.161256,-0.06982431,8.610818,DE_SitaSings_remix2_LD6,Q3,DE,Cocktail_mid,49.61538461538461,17.357596430558978,51.0,26
0.035645824,0.028817443,0.08112693801378143,0.08641481846580676,2818.680533614321,1897.970122838826,2688.033761173935,745.6711811931484,4981.47954885457,3004.6311007447766,-347.3805,74.43127,131.64407,54.297092,-26.474783,31.57321,29.99982,32.440968,7.7573457,30.002604,9.064035,18.670097,-14.846449,18.785685,3.1500692,14.430002,-12.467095,12.4638815,-8.347038,14.40204,2.234768,9.442148,-11.944264,15.335413,0.60835624,10.140286,DE_SitaSings_remix2_LD6,Q4,DE,DeepFilterNet2_mid,61.88461538461539,20.086466932891753,60.0,26
0.0386157,0.028350824,0.077017631014265,0.08000815147621355,2799.2809497262665,1784.9029033281074,2806.6753714364554,714.461912386706,5007.365207930367,2962.9651836760213,-336.625,78.47598,134.1085,52.848198,-27.370644,31.38709,33.268627,32.0986,6.347571,26.573063,13.04101,18.807503,-15.689878,17.475374,1.4660587,15.831198,-13.407891,13.896531,-10.116373,14.482459,-2.3759058,10.47036,-11.442838,15.741468,-1.5493718,10.233084,DE_SitaSings_remix2_LD6,Q5,DE,PSM_quantize_mask,74.96153846153847,19.82217095926835,75.0,26
0.038692083,0.027964715,0.0760117905282882,0.0777535258047499,2834.4868994941476,1697.433180706702,2896.5891826408983,676.3198171470515,5093.498020430367,2868.796584296431,-327.05234,78.748276,135.85674,50.35104,-31.462275,30.422462,32.833847,29.536953,3.5437388,23.914635,13.826191,17.621717,-15.837394,16.417328,1.6280137,14.834128,-13.299376,12.973148,-9.421147,13.411499,-2.2959216,9.672718,-10.356748,14.184724,-1.5452856,9.274559,DE_SitaSings_remix2_LD6,Ref,DE,reference,100.0,0.0,100.0,26
0.02977529,0.034255046,0.017726353236607144,0.015396758951353302,667.9747261873923,298.89961495621833,752.0660986471419,229.00318374274718,1350.0164794921875,729.0949564912206,-444.98486,57.85202,137.57042,46.525806,37.41974,22.098906,10.381768,21.351469,29.119186,20.697151,18.132908,12.100992,-7.6917505,19.099962,-3.4416106,12.797169,11.1151085,11.539055,5.1545205,8.398981,-3.127502,11.43998,2.2199664,9.154791,2.4948847,7.692015,DE_female_speech_music_1_LD0,LP3.5,DE,LP35,17.884615384615383,11.809578902152008,20.0,26
0.03030798,0.033973895,0.03620387486049107,0.05541585260830033,1316.5788903390835,1063.350322558546,1444.2354030620093,451.93391797655113,2540.072021484375,1717.5791253539646,-424.31857,69.308334,125.74866,43.75154,18.788565,33.94043,35.587986,24.324524,26.47111,20.615469,-0.887899,17.294367,7.7167454,16.964907,0.2861539,10.923523,-1.7441214,11.696394,10.1858015,11.567017,1.4325212,10.434704,-1.6842624,10.73766,1.1676891,8.505865,DE_female_speech_music_1_LD0,LP7,DE,LP70,33.76923076923077,16.61398854533779,32.0,26
0.03153154,0.03346936,0.04596819196428571,0.07305886589531996,2192.8134143411908,1632.2036847360507,2919.5165827909527,808.6840891243959,4092.5198364257812,2897.6537349753617,-393.63135,77.07294,122.04908,44.792397,20.306044,27.62073,35.56105,29.94947,10.363358,23.245203,10.161189,16.896778,-4.510788,16.359093,3.1435416,11.197863,1.3524901,12.582532,-0.27167556,10.844333,4.71566,9.288382,-4.1251864,13.015337,-3.7330618,9.451213,DE_female_speech_music_1_LD0,Q1,DE,OpenUnmix_mid,28.192307692307693,15.249968474116216,27.0,26
0.029168075,0.032823663,0.06134120396205357,0.09042161659684224,2878.2054445764825,1884.2041024939433,3626.311041565276,831.5928046488393,5716.29638671875,3584.2018779686964,-407.7139,86.12114,106.88539,46.02899,32.3709,30.649057,43.139233,33.033863,6.4823294,24.145218,16.21753,17.395937,-4.4522357,18.090584,4.0298314,10.96688,-0.5356066,11.898988,4.5520587,10.857917,4.1122413,9.555892,-3.8626168,12.896545,-0.8557868,9.425406,DE_female_speech_music_1_LD0,Q2,DE,TFC_TDF_U_Net_mid,40.5,23.35679772571574,41.0,26
0.028193474,0.033395164,0.0419219970703125,0.06766872028081009,2461.907331388754,1683.185927251932,3556.54888888706,967.0680201775118,4840.7025146484375,3499.0599653146237,-421.03192,76.70277,109.28652,45.676926,33.397278,29.28798,37.77403,25.874794,13.916612,21.115894,11.686983,15.279291,-0.17634447,16.900558,3.5806763,10.75102,-0.03287757,12.552283,4.3384275,10.676448,3.0663245,9.220747,-1.2333463,12.20696,-4.3637743,9.555952,DE_female_speech_music_1_LD0,Q3,DE,Cocktail_mid,39.65384615384615,20.021872655058633,40.0,26
0.029318806,0.034613144,0.054587663922991074,0.09037992782410478,2745.1125706551225,2316.0626841594512,3657.5423231329128,1028.399376397019,5014.9676513671875,4287.9560675031835,-416.13812,81.43847,101.15078,51.545635,37.213463,28.826159,40.408222,26.503838,15.805121,21.950148,13.869284,16.68651,-1.8092238,18.269976,5.032607,11.736977,0.023054505,12.66082,5.068824,11.300362,3.1425798,10.402461,-2.5849724,12.139255,-2.5584037,9.341714,DE_female_speech_music_1_LD0,Q4,DE,DeepFilterNet2_mid,46.61538461538461,24.875814636834583,41.0,26
0.030299656,0.03429091,0.055887276785714285,0.09070681315905604,2777.0396887928405,2211.319069352878,3651.6675907952003,981.063762992001,5180.2734375,4089.349406908695,-410.00726,80.776764,100.74979,52.262096,34.145367,27.974106,38.317547,26.778248,16.705696,23.022667,14.580326,17.06612,-4.842001,20.274696,5.4795823,10.806897,-1.0871652,12.426036,5.7871714,11.158975,4.7680955,10.9425125,-2.7070723,12.614608,-1.5275042,8.908487,DE_female_speech_music_1_LD0,Q5,DE,PSM_quantize_mask,67.61538461538461,21.303665267886508,67.0,26
0.030794254,0.033787917,0.05550275530133929,0.09026675633277001,2867.145923312318,2192.272318463555,3751.9773265381286,962.7888428507557,5404.314880371094,4106.151739109041,-404.30008,82.51367,101.84081,50.643085,31.375956,27.306395,36.505383,25.462307,15.152693,21.67152,14.334037,15.916217,-4.770592,19.399828,6.168975,10.211902,-1.1037287,12.19699,6.151724,10.778485,4.915656,10.172137,-2.0682883,12.188998,-1.6597189,8.362142,DE_female_speech_music_1_LD0,Ref,DE,reference,99.84615384615384,0.7844645405527368,100.0,26
0.037451617,0.029119117,0.02761933843411996,0.01278325778168022,946.9308990151357,294.8612614060951,848.8787817272466,213.61415559662774,1888.0193929756638,618.6660901024262,-430.73407,51.167446,180.60303,38.315357,2.315823,21.867718,-27.376564,22.912985,30.667679,19.77516,24.798765,12.231198,-17.574781,16.325449,-10.862351,12.760496,8.914705,9.848631,-8.462043,10.268291,-20.88029,12.109287,-1.6332991,8.27941,5.570674,7.4781165,DE_female_speech_music_2_LD9,LP3.5,DE,LP35,17.73076923076923,11.567394494207216,19.0,26
0.037737947,0.02891219,0.043263543203048184,0.040508592508559975,1510.4422340995834,818.1692220149812,1439.3104498961115,476.8259680910977,2959.153328954646,1543.8416364748327,-398.69196,58.739414,162.67801,38.172863,-26.990303,31.065226,10.740629,29.101347,28.266533,20.375937,-4.293129,15.938844,3.1865292,20.350618,-3.1031935,12.361028,-8.280729,12.056447,-5.517303,15.176674,-13.23812,11.691182,-2.4508371,9.232242,-1.2890775,9.162016,DE_female_speech_music_2_LD9,LP7,DE,LP70,31.423076923076923,15.56193580997705,30.0,26
0.039870836,0.029505508,0.05958519619591937,0.07438481190644892,2280.410974657303,1664.91551685948,2418.9997608236845,846.4937498066814,4114.72621681416,2890.881146557003,-349.99106,66.988815,148.35863,42.413334,-28.725468,20.514168,10.712516,25.7202,3.8177946,23.74559,18.477636,16.15472,-15.710181,16.555147,1.7697103,11.181824,-2.3142107,10.763058,-16.566713,14.815809,-1.6980176,9.150282,-5.9961996,9.4764185,-3.5300727,9.04143,DE_female_speech_music_2_LD9,Q1,DE,OpenUnmix_mid,24.53846153846154,12.61500937528235,23.5,26
0.03944018,0.029810492,0.06897680832104228,0.09240818906153109,2692.176051104024,1952.4031556769082,2986.24748326001,786.2856640292549,4855.006827295354,3305.0389861811354,-367.8053,72.24771,129.45853,43.164974,-8.946967,25.55307,20.45075,29.739523,-1.9286776,24.155537,26.73827,17.108479,-18.046246,20.159735,4.5199943,12.022803,-2.463504,11.818976,-13.75934,16.250797,-3.264269,10.344913,-5.271423,9.745847,-3.036284,9.554939,DE_female_speech_music_2_LD9,Q2,DE,TFC_TDF_U_Net_mid,57.73076923076923,24.6715345162115,56.5,26
0.03919572,0.030483132,0.06655892791297935,0.0947585797622908,2474.273300994549,2128.1305284459468,2602.83122692497,905.0397184001225,4325.611863938053,3415.3289686408457,-385.7924,71.63172,127.70291,51.523113,-13.131316,28.18235,19.765865,29.025887,7.3192024,23.566755,17.869902,16.333027,-9.02989,18.534119,3.616897,12.184788,-3.800068,11.6427145,-10.458707,15.820223,-2.1863763,10.077757,-5.0766463,10.07519,-3.0709245,8.311515,DE_female_speech_music_2_LD9,Q3,DE,Cocktail_mid,51.42307692307692,20.24484739764284,49.5,26
0.039076697,0.030843789,0.0747680063913471,0.1063531658618092,2844.2328234369706,2323.9126247561153,3095.7331302326525,893.245864201291,4878.784395741151,3814.8297537038384,-385.4466,74.317375,120.85275,55.173557,0.2723246,25.155817,15.24594,31.37366,5.075081,25.776419,26.862743,17.612112,-16.878508,24.979904,9.679054,13.0472555,-1.1060221,12.7978945,-12.54957,19.175356,-1.5565708,10.947544,-1.8547957,11.323231,-5.9837203,10.650415,DE_female_speech_music_2_LD9,Q4,DE,DeepFilterNet2_mid,62.80769230769231,15.45320479581949,63.5,26
0.03989327,0.029997377,0.06859463341937069,0.09249304351223556,2791.8968275594034,2103.6820690797945,3106.2930118012505,880.2777272156145,4979.8020084347345,3604.3969750265733,-370.3174,74.11487,121.91551,48.099674,-3.780591,24.814493,18.241661,31.171474,4.339399,24.717478,27.074873,17.624975,-20.278833,23.477587,6.225576,12.994294,-3.8923419,14.191117,-15.426558,18.529163,-5.3385005,11.575041,-3.2657743,11.346969,-5.850601,10.095013,DE_female_speech_music_2_LD9,Q5,DE,PSM_quantize_mask,87.84615384615384,15.473053500049193,95.5,26
0.039567664,0.029544963,0.06757005899705015,0.08912273738517468,2810.1080131255694,2007.097112451967,3160.4346204722556,840.2630341645557,5071.312828401548,3486.0060486964953,-361.71164,74.5052,123.518654,45.25981,-9.103188,23.622557,17.726255,28.922144,3.0688624,23.477306,26.177578,16.668016,-19.917574,21.91342,5.9487166,11.902827,-4.529221,13.374336,-15.141669,17.390081,-5.615387,11.043656,-3.6053994,10.653762,-5.983042,9.4791975,DE_female_speech_music_2_LD9,Ref,DE,reference,100.0,0.0,100.0,26
0.032948386,0.03020193,0.030926257969034608,0.02154648931557605,999.5633515752955,361.3940048103848,858.2462398455782,191.05869738861375,1964.6008100665983,638.3282986982175,-419.75623,52.250324,161.81453,36.266838,6.7537985,27.598778,-21.498583,25.217337,25.385847,17.10324,18.20979,10.563356,-18.27988,16.501833,-10.455006,12.062587,9.120868,10.633162,-4.6559806,8.224269,-15.967243,11.94679,-0.801914,10.087097,3.8833559,8.043056,DE_female_speech_music_3_LD3,LP3.5,DE,LP35,21.615384615384617,14.184715501065003,20.0,26
0.033589777,0.030397765,0.04118772412909836,0.03490203871429864,1513.6812874983623,673.3280179416003,1417.4618184312783,297.66143942382234,2969.0717853483607,1147.7531827113276,-391.33786,65.82317,146.9607,32.326088,-21.062817,41.70162,11.688643,22.670633,27.351944,17.349533,-10.973022,17.837225,-1.9088982,14.080468,2.4489927,10.712291,-9.440524,11.105345,-5.327713,12.013215,-3.0826018,9.898196,-3.698241,12.083538,-5.7009835,10.763933,DE_female_speech_music_3_LD3,LP7,DE,LP70,40.19230769230769,19.1269845626941,40.0,26
0.034842603,0.02985288,0.04754071678620218,0.03998488085372865,1974.2912465393028,944.4468619019024,2248.086732215949,637.4269003608831,3644.739770107582,1801.5377236335275,-357.35284,64.44434,147.38757,29.990105,-31.221987,32.549835,6.0992956,19.190332,11.714566,17.755495,-0.22100174,12.883151,-11.746423,11.193927,-0.10920372,10.196665,-5.9601355,8.975802,-17.423464,10.057456,0.13171476,9.865049,-2.031357,9.601535,-9.328797,8.875755,DE_female_speech_music_3_LD3,Q1,DE,OpenUnmix_mid,19.307692307692307,11.959161277511834,18.0,26
0.034452643,0.030489758,0.054265034437613845,0.05300491965149878,2414.047095508985,1163.5124464825735,2866.6686612674953,714.8474498367178,4567.843477843237,2291.4581356576105,-362.69812,70.20026,130.12646,30.610798,-17.701313,34.305553,21.097927,21.985546,8.594344,17.722237,5.304868,12.77679,-12.832222,13.987968,3.9080355,10.809773,-6.0988073,9.869783,-13.799433,10.813705,2.14515,10.411431,-1.5350096,10.703028,-8.549309,9.472467,DE_female_speech_music_3_LD3,Q2,DE,TFC_TDF_U_Net_mid,43.03846153846154,15.287853398645002,45.5,26
0.03296202,0.031387858,0.05154079861111111,0.054377485111719505,2341.1977045004196,1316.1832189033814,2896.6141597033325,829.9797575672641,4424.092677382172,2579.8406358429124,-385.17664,69.28075,127.41082,33.63081,-8.924089,36.453545,19.235224,21.65109,11.599383,20.315365,4.9612417,13.611887,-8.630648,14.1807995,-0.46722022,11.053577,-7.298083,10.300015,-12.542091,11.135758,0.23354618,9.839551,0.15010746,9.551921,-7.049313,9.280812,DE_female_speech_music_3_LD3,Q3,DE,Cocktail_mid,47.34615384615385,20.67644516389083,45.0,26
0.032291483,0.031481046,0.050241828181921674,0.055141046196224286,2122.558979904627,1338.6418632539358,2533.323178227642,759.3665517256671,3838.0287045338114,2436.4623528982406,-391.0287,68.44816,134.69168,36.615726,-9.997325,37.520454,14.774805,24.263409,18.156452,19.947042,2.9911687,15.70051,-12.562291,16.262844,4.407406,11.672986,-7.0897355,10.945487,-12.428643,12.128537,3.6646988,11.197623,-2.0086288,10.776897,-7.8894963,10.811643,DE_female_speech_music_3_LD3,Q4,DE,DeepFilterNet2_mid,51.0,22.380348522755405,53.5,26
0.033358686,0.030751528,0.05270146715619308,0.05856234759993897,2237.397330385582,1353.6559837977636,2631.755282399973,740.0504197691419,4095.6426901895493,2488.1768427747174,-382.53064,73.20309,128.8855,36.31269,-11.654435,37.53713,17.27856,25.279146,14.354736,19.523993,3.993093,15.088581,-12.662679,16.66869,5.5960546,12.475445,-6.0622787,11.398792,-11.909612,13.935883,1.1863453,11.709745,-5.0165586,13.175509,-7.9180117,11.9292345,DE_female_speech_music_3_LD3,Q5,DE,PSM_quantize_mask,75.73076923076923,21.443055178416518,83.5,26
0.03371105,0.03031702,0.051350466757741346,0.05784673434924098,2277.6583355041103,1315.652448428813,2718.4778286507762,712.1735560920007,4164.988233222336,2437.4084071444095,-375.99515,75.63392,129.52594,35.142338,-14.399951,37.30074,17.317612,24.351894,13.27813,18.529806,4.6282287,14.226354,-12.652969,16.10478,5.409,11.779626,-5.9283037,11.044889,-11.2811,13.413767,1.2527002,11.11774,-4.5353627,12.592663,-7.5111604,11.115928,DE_female_speech_music_3_LD3,Ref,DE,reference,97.3076923076923,9.922778767136677,100.0,26
0.051268168,0.018799772,0.013334269866589327,0.0036710264175079657,457.9203378654373,91.69567808503633,536.0702803946128,132.67362017732736,709.5465215342227,237.28493667612975,-425.8867,32.280823,217.10115,24.592934,45.791576,12.190441,-2.927294,10.683757,33.03457,8.983538,27.604431,8.7948265,-7.358167,12.054865,-5.9469805,6.7336116,6.931746,5.662556,-7.0746517,6.135853,-16.103096,7.6792293,-0.5928228,5.5639706,3.233306,6.0825357,LP_11_guitar,LP3.5,LP,LP35,20.923076923076923,13.772212827060368,20.0,26
0.051285237,0.018806653,0.014313664624419953,0.004370226255727569,601.3075413113608,167.37458728639982,939.9292237272235,241.30338308660154,868.2477273963167,436.0782715559577,-397.64957,45.28524,200.87953,18.507925,20.375154,21.927872,31.773283,14.511493,29.064003,9.130789,1.3803107,16.76333,14.611607,9.447404,-1.3930979,8.146836,-11.499671,8.086115,1.4224708,8.387277,-10.335522,7.237422,-7.4748936,7.6312766,3.4292579,7.174183,LP_11_guitar,LP7,LP,LP70,44.0,20.67268729507608,44.5,26
0.05127691,0.018803002,0.013746080155162413,0.003974168034878093,520.2012215447579,122.6394164521156,709.2182222926082,170.61650471034795,777.6683833925464,325.15551122190976,-409.97266,38.748646,210.13023,21.980227,27.86015,18.414246,14.838243,8.208008,39.49549,10.050068,6.818073,14.654704,-0.92986494,9.545317,9.437782,7.4183755,-8.059262,7.218683,-12.046809,6.9544635,0.05985175,5.3925924,-5.6878953,7.649761,-7.6026087,6.1324544,LP_11_guitar,Q1,LP,LP50,31.615384615384617,15.786264721147743,30.0,26
0.051288746,0.018808363,0.014687522658062646,0.004769437319196767,665.6442190149962,214.6690428204198,1136.6906990951743,318.1891877869011,943.8387629604118,548.5003056004664,-391.57266,50.001354,194.72705,16.681208,20.617512,21.68941,37.500824,18.569178,20.707308,13.897856,7.607268,13.057069,13.929971,9.172458,-6.4207015,11.058019,-3.821159,7.1761584,-4.5064054,7.5543423,-9.335703,6.621274,-3.3170602,6.378835,-3.2213056,7.932761,LP_11_guitar,Q2,LP,LP90,55.57692307692308,22.578171895745818,55.5,26
0.051290244,0.018809522,0.015008700696055685,0.005109802688429195,714.9446229313659,249.73997115528402,1295.9564625486241,372.3083550695446,995.0737973100348,632.8565997233796,-388.178,52.88853,190.82043,16.315857,22.179796,20.48753,38.84879,19.540527,16.975517,16.81292,12.311889,11.622126,10.006637,8.494276,-4.71265,9.820284,-2.7316895,7.3793144,-7.9238076,8.755426,-4.9104915,5.755582,-7.0957313,8.068979,-1.4516011,7.200034,LP_11_guitar,Q3,LP,LP105,70.76923076923077,22.6615227949186,75.5,26
0.051291544,0.018810488,0.015166174231438515,0.005418846099908269,761.5499647383275,292.7806388040087,1444.4104052649448,443.2497848581033,1050.930226761891,745.2341148492382,-386.06848,55.04927,188.20987,16.929369,23.767057,19.19082,38.6752,19.357187,15.7028675,18.121346,14.699647,11.874253,7.110665,9.727121,-2.0342338,8.861702,-4.533207,6.854283,-7.4268928,8.277755,-4.010189,6.0781994,-9.136001,9.629953,1.19433,7.1163197,LP_11_guitar,Q4,LP,LP120,88.26923076923077,15.254003257657162,94.5,26
0.05129202,0.018810801,0.015272100674303945,0.005602887779915543,803.930974253339,320.1393268063861,1599.0234824901365,476.2953281623399,1092.3978801116589,814.5230476017454,-384.87222,56.45442,186.65454,17.77885,24.936037,18.241636,38.07781,18.757206,15.638671,18.148232,15.406041,12.1297245,5.886219,10.664574,-0.49835944,8.95131,-6.1278653,7.1811786,-6.0301147,7.5575852,-4.9937167,5.5411277,-8.708675,9.183356,1.3695425,7.124668,LP_11_guitar,Q5,LP,LP150,96.92307692307692,4.922788453086945,99.0,26
0.05129203,0.018810801,0.015272100674303945,0.005610682060215042,820.9138386463114,326.74428347945445,1682.6240679477066,477.46331751834475,1103.214442702291,833.2443777968621,-384.8094,56.558395,186.5688,17.855988,25.013088,18.20581,38.014347,18.689575,15.684276,18.07269,15.380928,12.121028,5.8890934,10.662049,-0.4791934,8.976063,-6.1668897,7.22726,-5.9737506,7.534958,-5.0621862,5.5063577,-8.632184,9.100759,1.2916447,7.087337,LP_11_guitar,Ref,LP,reference,97.53846153846153,6.906407281536583,100.0,26
0.040413547,0.017575093,0.03991614251015081,0.02349475009358517,1147.1221319360168,352.7967585839424,953.4715011810118,112.74350750770792,2285.7669980785963,478.956854660968,-394.5,30.01493,233.49162,23.354395,-15.68094,18.668354,-42.409096,13.383636,48.11143,10.332866,35.56261,7.3526106,-23.147001,9.814972,-3.877242,6.5610867,28.217558,6.192793,2.741845,7.210517,-13.355581,7.891835,11.374022,7.176065,13.893553,7.6540046,LP_23_jazz,LP3.5,LP,LP35,18.53846153846154,12.618179802905868,18.0,26
0.04069816,0.017655833,0.04486409694025522,0.02485981206833948,1621.5806619881992,433.2067243667968,1546.8924472670199,240.43656989610892,3208.3723240828017,750.2394978100147,-338.33542,38.91179,199.9386,20.18555,-63.793205,23.978933,26.753103,15.945328,35.71378,10.442331,-11.644443,10.146611,20.629189,10.224297,-0.36434504,7.3134027,-2.5408225,6.382602,18.447544,6.9200945,-5.980426,8.556143,3.7674255,7.0487275,10.504358,8.0017395,LP_23_jazz,LP7,LP,LP70,35.84615384615385,18.470933506874648,37.0,26
0.04063265,0.01765615,0.04174691397186775,0.023243689115543927,1373.1678737167276,379.4001741687071,1207.9202727528289,135.08820236781457,2712.6590029546114,522.477083106288,-363.4199,34.383965,219.53703,21.826609,-50.263664,22.262356,-7.151937,12.196277,59.44227,11.178044,-4.907088,9.715921,-8.928713,8.388774,24.83059,7.434887,-2.0623107,7.052797,-4.8380933,7.2641363,17.831602,6.8680286,-0.38889775,7.243874,-5.7742543,7.631273,LP_23_jazz,Q1,LP,LP50,25.576923076923077,13.188398164820708,27.5,26
0.04073178,0.017655592,0.047000752247679814,0.026228339330720687,1843.2914705196397,510.85148334164217,1886.393704336029,334.6520391063355,3650.7272671657483,1043.057115951353,-321.80838,42.469646,183.01913,19.836857,-62.595318,23.611427,41.721645,18.803308,13.088799,13.1393585,6.104635,7.3779426,17.226084,9.348649,-12.560739,8.9240675,17.92881,6.648622,1.1643766,7.5910816,-0.94520277,7.360342,12.81498,7.3782983,-6.7218423,7.981728,LP_23_jazz,Q2,LP,LP90,48.42307692307692,23.177874064586817,48.0,26
0.04074203,0.017655425,0.0480441560324826,0.027161686652410148,1971.7247300162624,558.5534738477907,2100.7416603304137,386.2211459247955,3899.3583236658933,1214.6653380222572,-313.51596,44.61915,173.40134,20.202929,-58.535484,22.776356,44.642475,19.336466,4.296353,14.913146,17.553926,7.4099064,7.2479324,8.384251,-7.584611,7.7202487,19.620884,6.623689,-6.433495,8.661134,9.701161,6.936898,2.9855833,7.1194324,-1.1613948,7.711925,LP_23_jazz,Q3,LP,LP105,64.65384615384616,22.46765196043825,63.0,26
0.04074544,0.017655214,0.048465595997679814,0.027317067359111376,2058.4109481937267,589.5345756545793,2260.321298101929,416.56102372987016,4054.062647277407,1319.36237059426,-307.99454,46.313248,166.56355,20.739424,-54.364304,21.88241,44.159958,19.089901,0.9968544,15.597018,23.783243,8.181006,-0.33697623,8.702268,-0.53575945,6.893683,14.837354,6.023503,-5.050592,8.1050415,11.986374,6.962548,-2.3193424,7.5407667,5.782027,8.148932,LP_23_jazz,Q4,LP,LP120,87.1923076923077,13.676313043417018,92.5,26
0.040746707,0.017654996,0.048755619199535964,0.027464788686837643,2147.8216976773138,620.8878990822652,2449.378187681511,453.0789953251658,4194.952746610354,1412.6121318352486,-302.89206,48.68996,159.8858,22.294958,-49.216232,20.614008,41.292126,17.718634,1.191032,15.267968,26.241901,8.698625,-5.02326,9.645053,5.6236653,7.206532,8.161831,6.85176,1.1361392,6.849491,7.1797104,7.5738745,0.46181026,7.3600154,5.331943,7.677675,LP_23_jazz,Q5,LP,LP150,97.3076923076923,6.643909877590037,100.0,26
0.040747155,0.017655136,0.04880999854988399,0.02752528590510197,2222.438138083646,644.6052563574223,2655.2900029431453,482.1764584215847,4281.685091447941,1464.6077231202692,-301.1782,50.15636,157.52191,23.911366,-47.02866,19.864862,39.38628,16.73483,2.726895,14.4230585,25.141855,8.309445,-4.3991046,9.135939,5.4872923,7.338933,7.82722,6.9691987,1.8997301,6.950489,6.0539494,8.010651,1.8669016,7.581214,3.7446012,7.562512,LP_23_jazz,Ref,LP,reference,97.1923076923077,6.387608195681579,100.0,26
0.04512202,0.018320285,0.028931814834118927,0.03075703993803765,869.5626881834664,413.3597506632686,926.6772738576285,559.8332036364046,1732.5874444796955,982.4298471349941,-382.599,53.905163,256.90692,43.344063,5.549863,14.570682,-40.174564,15.680195,34.570316,9.301188,27.1838,8.434738,-20.804804,9.057166,-4.744297,7.6829896,18.24725,7.5315576,-7.481514,6.3046646,-19.224857,7.536079,5.8513174,6.2598763,8.500272,6.1185822,LP_AmateurOnPurpose,LP3.5,LP,LP35,16.192307692307693,10.174553477255817,15.0,26
0.045400087,0.018401867,0.03747018616298042,0.03168510515194698,1434.3073303242493,497.28709156472604,1743.4271890813798,532.5529445603977,3181.9016200031724,1397.1001900041117,-321.6248,68.116455,219.15457,35.680824,-44.29646,23.876944,35.50133,14.208608,16.035397,8.253608,-19.456902,9.056372,28.5588,12.462452,-8.055553,9.242395,-10.460135,7.5461993,12.36414,7.557872,-17.887596,8.20121,0.7440852,6.8981285,7.5072646,6.1332717,LP_AmateurOnPurpose,LP7,LP,LP70,31.192307692307693,15.821552972497306,31.5,26
0.045225706,0.018346932,0.03128753285895577,0.030700274051315077,1056.9749736669335,412.1087727382139,1201.9237725614948,525.927721265052,2159.51950150698,993.0325538275204,-351.69995,60.82376,242.91539,40.359886,-28.667343,20.637197,-4.9328218,10.575439,45.318954,10.920056,-12.891965,8.494278,-6.0528107,7.7473693,23.069344,9.196451,-12.052232,8.152558,-13.977847,6.7285333,11.201288,6.9866,-6.579096,6.831554,-9.85335,6.29875,LP_AmateurOnPurpose,Q1,LP,LP50,22.73076923076923,13.48052726656548,20.0,26
0.04560631,0.018463261,0.045843908629441626,0.03491480835822561,1865.1829175943742,649.5225089537801,2293.0150189318897,560.2642908898235,4340.46290053934,1839.4275406060226,-300.21893,73.371025,197.1612,32.280712,-42.513428,23.23096,54.616535,18.118767,-13.190877,12.848817,3.826066,8.024192,23.536058,10.534094,-23.220678,11.400933,15.79498,9.008452,-10.365216,6.7099395,-10.532055,6.5120525,11.55931,7.323526,-14.327169,7.6054435,LP_AmateurOnPurpose,Q2,LP,LP90,40.96153846153846,19.109119852532757,45.5,26
0.045657914,0.01847528,0.0487916543917694,0.036006656477603656,2101.8817625304323,724.8635846575166,2608.730598010071,570.8559124495405,4911.17866632297,1970.9075197986026,-288.45074,76.407005,183.42343,30.749786,-36.45816,21.747187,58.299786,18.856186,-25.238998,15.719272,19.952925,10.559084,8.980398,8.002468,-15.237502,9.601007,16.990213,8.849501,-20.088747,8.184359,4.1259813,6.573388,-2.839168,6.9562864,-5.118217,6.2768354,LP_AmateurOnPurpose,Q3,LP,LP105,48.69230769230769,20.841821860421383,47.5,26
0.04571285,0.018494073,0.05200319241751269,0.0371068421470328,2363.0097246837827,803.9571102184724,2969.3680333386337,576.3589390053958,5518.480577807741,2089.730901897061,-278.375,78.9353,170.87123,29.594614,-28.587603,20.026735,56.960354,18.397083,-30.700153,16.748167,30.852951,12.598309,-4.71033,7.7122397,-2.0355403,8.227275,7.3885694,7.6434155,-16.28444,7.2884383,6.8881392,6.4903593,-11.357793,7.683994,6.9990525,6.609938,LP_AmateurOnPurpose,Q4,LP,LP120,76.61538461538461,21.65377920470591,79.0,26
0.04573788,0.018502744,0.05372474675942712,0.03772812556586565,2658.5814478739467,906.3640826576168,3397.729743967076,634.1312989302737,6182.637016180203,2288.9471942867513,-265.6955,82.908844,154.11572,29.68751,-15.192629,17.210623,48.637894,15.7884445,-28.455235,15.564157,34.851562,13.411467,-14.271592,8.817474,11.676655,9.216152,-8.551195,8.365597,-0.2678936,7.1160545,-7.1379695,6.9346056,-1.0240806,7.157801,1.4725469,6.523738,LP_AmateurOnPurpose,Q5,LP,LP150,95.1923076923077,10.556587443939375,99.0,26
0.045743357,0.018505236,0.05410998968908629,0.03784287327201989,2860.6577571735,989.4236406055952,3757.2340299321095,690.5204076846323,6543.767102236675,2420.696531354986,-256.4884,87.28016,141.32277,32.579998,-3.072221,15.683013,37.600803,12.551526,-18.85776,10.726572,26.97805,9.54997,-8.322386,8.369958,7.7594576,9.078646,-6.678229,7.85991,-0.1765951,6.3843784,-9.027081,7.061685,2.4260492,7.1357107,-3.243072,7.091031,LP_AmateurOnPurpose,Ref,LP,reference,99.23076923076923,1.8827148973265668,100.0,26
0.040958874,0.024024377,0.03474025522686833,0.03276016829700521,1068.4930948999272,413.78798067273,1043.6573709461954,450.2940140358941,2110.5757548376337,897.7574453612287,-395.16165,59.66493,207.28621,45.875977,-9.88384,19.95011,-42.04881,17.203167,28.933296,20.941933,22.427393,13.412515,-18.627344,12.748129,0.06438727,9.981392,23.191076,12.477081,0.93279284,9.707713,-8.441212,11.0360365,12.412887,10.579859,8.078603,10.368063,LP_CreatureFromTheBlackjackTable,LP3.5,LP,LP35,17.576923076923077,11.990573220403025,16.0,26
0.042394657,0.024217427,0.06221120162366548,0.043895126407013554,2216.648226953941,717.2408888753558,2083.655970813779,434.37970275396384,4800.5096196619215,1430.0895202937422,-331.586,80.88159,167.69081,34.593803,-61.521824,34.53269,37.157753,25.628418,8.685546,14.914245,-25.864824,12.036004,33.817337,17.67003,-4.587024,9.13596,-6.9795756,9.792753,23.147308,13.5681,-7.8827653,10.268748,6.076942,9.996939,8.597197,11.3644705,LP_CreatureFromTheBlackjackTable,LP7,LP,LP70,33.34615384615385,15.813771992013312,31.5,26
0.041506153,0.024104634,0.04331072064056939,0.03529168278880873,1493.6457955034068,500.3537968700953,1456.629369359784,420.2924607951241,3139.372428269573,1104.0584683099698,-362.8109,70.325615,192.41394,41.34655,-45.406834,29.761618,-4.807242,15.714609,39.284203,23.481995,-19.32294,11.355299,-2.0609632,10.813807,28.026379,14.025018,-9.04344,10.076797,-4.1005416,9.911608,22.682596,12.775341,-2.0319529,9.166277,-9.29708,8.981028,LP_CreatureFromTheBlackjackTable,Q1,LP,LP50,21.346153846153847,13.332493563298078,20.0,26
0.04357341,0.02431139,0.08927692671263346,0.06050041362652007,3059.633465995417,1023.3413821582722,2711.9468290296427,531.0528140148693,6462.183225366993,1832.5323138299225,-308.3642,88.949684,143.72672,29.639027,-59.287872,33.65023,57.557873,32.47578,-22.976545,13.308315,-0.13544713,12.502395,27.500055,15.224814,-20.247957,11.219891,21.3439,15.065708,-2.2432451,9.646414,1.430331,9.717873,16.608025,12.300885,-14.784112,8.069531,LP_CreatureFromTheBlackjackTable,Q2,LP,LP90,42.92307692307692,21.5200800684813,45.0,26
0.04381892,0.024374124,0.09453750556049823,0.06370119594510311,3405.335512022206,1152.8988907249823,2982.3629255226897,577.0384025498506,7024.130859375,1960.9360128815015,-296.01215,93.81189,129.25453,27.773676,-52.75755,31.377865,61.147743,33.763103,-35.359013,15.736033,16.703964,16.870901,12.006269,11.505141,-11.330772,9.35648,21.873497,14.980953,-11.784503,10.63692,16.487917,12.551641,1.2966688,9.591633,-4.3793035,8.738811,LP_CreatureFromTheBlackjackTable,Q3,LP,LP105,51.11538461538461,21.565392503874207,57.5,26
0.044090413,0.024424331,0.10211472697953737,0.06876381927189573,3796.6149886661447,1310.831155574642,3305.493993097938,656.1941454838108,7662.663131116548,2189.2480042362427,-285.83517,97.8469,116.55078,27.42985,-44.713894,28.81032,59.622387,33.004932,-40.655792,17.105635,27.512686,20.592527,-1.7219508,11.046469,2.0746865,9.824113,11.900798,12.147607,-7.4853287,9.564003,18.7233,13.026748,-6.7806263,9.316315,7.499409,11.8410225,LP_CreatureFromTheBlackjackTable,Q4,LP,LP120,66.53846153846153,23.312195553796766,67.5,26
0.044582643,0.024489531,0.11672736877224199,0.08043266987694389,4493.336716145993,1649.492517481165,3903.870638468202,842.8532933246465,9081.570945006673,2900.2771900701414,-269.88217,104.39544,95.433365,29.69581,-27.731611,24.867521,48.89628,28.694855,-37.452568,15.834107,32.082607,22.24219,-13.285415,12.82634,18.947704,14.537728,-7.960237,11.104099,12.728322,11.746242,0.7198844,10.420287,6.858585,10.248028,-0.31242225,9.531244,LP_CreatureFromTheBlackjackTable,Q5,LP,LP150,97.8076923076923,3.709654763119943,100.0,26
0.044617426,0.024498716,0.11793017404359431,0.08110114562112992,4811.989526952816,1712.202138096944,4310.425629977876,875.8230703635073,9662.385036699288,3039.5412068317373,-259.06418,110.22838,80.388245,32.750767,-13.434653,21.28572,35.805336,24.906094,-25.967905,13.2018795,22.523552,19.727709,-5.8806114,11.459622,13.825413,13.253311,-5.1411557,10.089045,12.132871,11.91638,-0.73213106,10.241047,10.10255,11.289505,-5.023438,8.911408,LP_CreatureFromTheBlackjackTable,Ref,LP,reference,98.0,3.773592452822641,100.0,26
0.016217696,0.021404065,0.06393315921929317,0.03131962295596714,1542.4947573057839,524.0117343985378,730.9603447543063,210.55175342667397,2164.3489055257824,470.2674758626745,-563.3229,107.460175,116.38616,73.249,-51.364662,46.931137,-59.248722,50.22501,26.675463,12.003409,41.383324,15.92684,0.32531837,14.105425,-6.0317626,9.169286,9.114256,8.45053,6.556273,6.3464727,6.9903994,7.087379,16.491571,8.981289,7.5337453,6.2454624,PE_27_castanets,LP3.5,PE,LP35,20.384615384615383,14.190354253722978,19.0,26
0.01756286,0.023625564,0.08287032426853998,0.03858285359811269,2498.7959700433057,737.7605373918003,1729.327740539032,162.5882745136623,4657.759088933952,1022.7676542533059,-516.5059,143.37128,87.573135,50.99273,-90.06685,75.08334,-0.9380835,15.713239,13.095293,8.977543,4.2424006,17.052227,38.889717,18.926527,-7.34034,11.646677,-15.329055,13.277317,22.82786,12.444028,9.951612,7.7797995,9.303795,6.427606,7.8738093,5.8824816,PE_27_castanets,LP7,PE,LP70,36.34615384615385,20.476215094967735,35.0,26
0.022347514,0.02570434,0.15375258002607184,0.055702552158946754,5346.921665115049,893.2781314427791,4287.318175535791,804.7640539549765,10243.516892381229,1466.441357392668,-403.8172,169.85397,27.159851,15.784534,-74.83487,45.061172,5.8757176,13.09762,-22.288517,23.753908,50.368225,17.864227,9.092468,11.671185,7.1001773,8.8710375,-15.347511,11.192375,14.637688,9.41206,19.808594,9.374295,9.860828,8.572419,-1.6269685,8.342185,PE_27_castanets,Q1,PE,PE_4096_MS_NMR10,15.115384615384615,10.97752949648298,14.0,26
0.021090012,0.026491793,0.13604658531286212,0.05757364463169808,5117.153520738808,1027.6740350479581,4286.896335597426,952.5540224526833,10082.130150999421,1821.8280887388753,-433.8059,178.74625,30.298388,15.150643,-69.96963,50.06293,5.826013,13.326501,-18.89228,25.488441,45.88357,18.441568,9.67438,11.557819,5.3099484,8.794168,-12.512878,11.925634,12.661765,8.759527,19.47918,9.41129,9.106653,8.646673,-0.5367584,8.629558,PE_27_castanets,Q2,PE,PE_2048_MS_NMR10,26.384615384615383,12.658836986317262,25.0,26
0.020283768,0.026650572,0.12315098131517961,0.05499787422009569,4921.726836476325,984.3335949161609,4260.286250436686,1006.324960796252,9893.421442732473,1928.246485561245,-449.42584,176.36882,30.83705,14.224837,-66.2647,51.86191,4.560541,13.236168,-16.805841,26.751513,43.011967,18.522608,10.491418,12.028242,5.1509914,8.613476,-11.192024,12.393195,11.658271,8.38228,19.474382,9.324998,8.242222,8.302193,0.04228725,8.091565,PE_27_castanets,Q3,PE,PE_1024_MS_NMR10,39.88461538461539,15.781829863680377,40.0,26
0.01955191,0.025777819,0.1369275284255504,0.05852697929751397,5235.096868277081,1101.2502851568713,4467.77125130158,886.3390691238299,10288.429714658168,1920.489661126769,-444.2506,180.55759,24.814,15.7686,-62.90035,45.520256,-0.4151262,11.945191,-14.387552,22.304653,41.45585,15.645624,12.10445,10.867168,4.114915,7.8157053,-11.891675,10.939771,12.663036,7.8200293,18.91246,8.112679,9.691361,7.282984,-1.5339918,6.698086,PE_27_castanets,Q4,PE,PE_2048_MS_NMR16,38.61538461538461,17.37141772700645,38.5,26
0.019360011,0.02605256,0.12635394789252608,0.0538848988046737,5053.762477704299,1026.8930694397322,4413.1601052135475,961.3072898225204,10103.4886931489,2014.5892758749221,-458.7477,184.112,28.096931,14.0018,-61.92989,48.51296,0.5124118,11.824462,-13.979013,24.118864,40.26277,15.869516,12.03477,11.303591,3.8399272,7.8657703,-11.350793,11.515832,11.913418,7.6618047,18.6416,8.072476,9.487179,7.381538,-1.0472437,6.6669946,PE_27_castanets,Q5,PE,PE_1024_MS_NMR16,50.0,20.21286718899622,51.5,26
0.018815713,0.025704632,0.1213291207995365,0.06665176618038636,4890.07427339669,1048.7039831201805,4344.737288955646,971.7647872848008,9853.299321498407,2014.3573179749783,-469.48334,186.31062,31.558489,13.310556,-60.91241,50.803543,1.6471294,11.464408,-13.361492,24.989273,38.71041,14.996563,12.233975,10.797317,2.7839644,7.315318,-10.006156,11.226998,10.443444,6.7913933,19.447668,8.216898,8.674606,7.1015806,0.068415955,5.786103,PE_27_castanets,Ref,PE,reference,100.0,0.0,100.0,26
0.013612858,0.030378595,0.04977153260030864,0.013645301200537502,1254.6145119994444,113.4389203822473,808.768910681415,242.59578684656245,2085.962592230903,316.9786440030946,-568.4124,119.91963,137.30441,95.71313,-11.3253145,22.527445,-53.416172,40.16218,-9.82681,14.087684,8.35298,9.366959,-9.477845,13.761562,-13.01693,10.719397,-4.5233417,10.061969,-6.801371,7.2379837,-7.8966365,9.766794,-0.2987589,5.524492,-0.6485787,5.304792,PE_39_clapping,LP3.5,PE,LP35,22.73076923076923,15.452010075864411,20.0,26
0.013746322,0.030714251,0.06373803409529322,0.01139321598503481,1883.920606539088,467.18710831029284,1552.6670971217336,416.2194197020173,3279.2277018229165,1355.0461345290862,-545.5501,146.99529,123.54872,80.066826,-30.693619,45.44112,-25.30998,21.237923,-15.269521,11.950949,-10.251651,15.202915,8.207695,12.705444,-12.298607,10.665663,-16.104559,12.149407,-0.49537098,9.280929,-5.87799,8.473073,-2.4089189,5.2637157,-1.8945589,5.4453807,PE_39_clapping,LP7,PE,LP70,44.76923076923077,24.474162199850994,41.5,26
0.017450823,0.029050527,0.11140347704475309,0.07916581488011008,4255.859203048471,2475.634965246936,4446.1233747116075,1197.2084025702366,7971.837700737848,4853.184611930799,-437.83344,179.32645,107.42086,49.57743,-29.530457,24.397896,-26.965593,17.436977,-24.139002,15.788601,0.54778033,9.512864,1.3882861,8.959331,-8.205785,8.55886,-14.915223,10.477965,-2.6734068,7.504216,-3.9803195,7.37077,-0.9148781,6.2927785,-4.8056746,6.8420568,PE_39_clapping,Q1,PE,PE_4096_MS_NMR10,10.692307692307692,8.898400893505443,9.5,26
0.01581003,0.029688094,0.11503092447916667,0.08321230430956734,4295.348196678797,2702.845858483024,4384.24452935832,1362.180953865709,7910.062662760417,5293.754415459888,-480.9696,180.44476,106.16186,53.414074,-24.865881,26.09383,-27.528862,19.540834,-23.246628,16.627403,0.20988916,8.522852,1.3667537,7.949422,-10.316183,10.56841,-13.930259,10.461046,-4.2167187,8.185186,-3.1961682,6.575183,-1.0308874,6.0457063,-4.8882203,6.303322,PE_39_clapping,Q2,PE,PE_2048_MS_NMR10,20.692307692307693,11.609545144472218,17.5,26
0.014140068,0.028883433,0.10518617983217593,0.06501388502628909,4362.2080300657735,2748.7480975201834,4444.535274669239,1457.313013781161,8173.977322048611,5452.793657934705,-507.75558,175.58926,104.82645,54.85233,-21.565592,27.770027,-25.743534,19.94578,-22.270763,17.220116,1.0629269,8.0105295,1.7564093,8.05143,-10.6256695,10.973718,-13.035398,10.354993,-4.37375,8.396159,-2.7928176,6.648336,-1.4875813,5.809614,-5.0934916,6.727882,PE_39_clapping,Q3,PE,PE_1024_MS_NMR10,35.84615384615385,18.80147293738936,38.0,26
0.0148123205,0.03123171,0.10909092279128087,0.07194351452906918,4288.382897842197,2668.1645112149054,4396.928262385795,1383.1290348237071,7972.768147786458,5309.160442116112,-499.53134,176.9321,107.76081,54.13532,-24.520275,26.134129,-27.057446,19.440681,-23.127918,16.30318,-0.32330418,7.957784,1.2657806,7.9998283,-11.165509,10.453416,-13.612648,10.116173,-4.06906,8.060705,-2.9887297,6.1202993,-0.9813375,5.477966,-5.2217884,6.351496,PE_39_clapping,Q4,PE,PE_2048_MS_NMR16,34.03846153846154,14.978600119452468,36.5,26
0.0144727435,0.03143586,0.11326768663194445,0.07653640101358317,4372.048836364988,2760.9831095701657,4428.081413146011,1459.9287624075164,8233.127170138889,5481.552386656778,-516.09296,174.8145,104.43708,55.583153,-22.00415,27.935972,-26.537264,19.933195,-23.2041,17.131527,0.26630905,7.471239,1.2189324,7.4608006,-11.0787735,10.669137,-13.080585,10.102384,-4.911866,8.096898,-2.8996444,6.0404034,-1.5774597,5.1884503,-5.2080646,6.2315145,PE_39_clapping,Q5,PE,PE_1024_MS_NMR16,47.11538461538461,20.729354882536835,49.0,26
0.013783699,0.030793246,0.13851514274691357,0.11961600226154699,4473.912553075538,2847.6384642752514,4466.720243910454,1502.1674505176954,8517.41197374132,5632.621738818845,-528.39307,174.92982,103.04205,57.108032,-19.740404,29.032623,-25.173502,20.025755,-23.417871,17.530941,0.13033482,7.638661,1.0214899,7.436147,-10.879013,10.6012745,-12.764794,9.852341,-5.2533536,7.786907,-3.0931025,5.8730035,-1.7084209,5.2178583,-5.172019,6.0258474,PE_39_clapping,Ref,PE,reference,100.0,0.0,100.0,26
0.04512202,0.018320285,0.028931814834118927,0.03075703993803765,869.5626881834664,413.3597506632686,926.6772738576285,559.8332036364046,1732.5874444796955,982.4298471349941,-382.599,53.905163,256.90692,43.344063,5.549863,14.570682,-40.174564,15.680195,34.570316,9.301188,27.1838,8.434738,-20.804804,9.057166,-4.744297,7.6829896,18.24725,7.5315576,-7.481514,6.3046646,-19.224857,7.536079,5.8513174,6.2598763,8.500272,6.1185822,PE_AmateurOnPurpose,LP3.5,PE,LP35,16.96153846153846,12.008266383556851,15.5,26
0.045400087,0.018401867,0.03747018616298042,0.03168510515194698,1434.3073303242493,497.28709156472604,1743.4271890813798,532.5529445603977,3181.9016200031724,1397.1001900041117,-321.6248,68.116455,219.15457,35.680824,-44.29646,23.876944,35.50133,14.208608,16.035397,8.253608,-19.456902,9.056372,28.5588,12.462452,-8.055553,9.242395,-10.460135,7.5461993,12.36414,7.557872,-17.887596,8.20121,0.7440852,6.8981285,7.5072646,6.1332717,PE_AmateurOnPurpose,LP7,PE,LP70,29.192307692307693,15.666573922256854,30.0,26
0.04758743,0.019607222,0.054611726114938364,0.02693314468415253,2981.8687813489,919.7940893444055,3853.644474809707,577.5479669704647,6932.567120082487,2197.7824660625283,-243.44412,81.725586,139.25526,27.64509,-3.7690468,14.432666,37.221554,12.162837,-20.659718,11.176451,30.309446,9.903438,-9.702746,7.762526,10.527382,8.471187,-8.635623,7.9179482,3.4258265,6.6331534,-11.67682,7.311068,5.9124055,7.2933807,-5.434361,7.273246,PE_AmateurOnPurpose,Q1,PE,PE_4096_MS_NMR10,59.03846153846154,23.273127455038388,59.0,26
0.049743466,0.020038342,0.05279386104060914,0.028673938944102174,2873.5973145889684,952.5263231696472,3749.1861463123114,651.5515122550279,6659.89649428934,2371.7014978785023,-246.88197,84.186,141.75157,29.479717,-3.6506193,15.2744875,39.18052,13.23607,-20.629812,11.518961,29.777704,10.457373,-10.735212,8.433816,10.034496,8.962897,-8.806495,8.140662,2.4527285,6.9715457,-10.793018,7.654734,4.8629746,7.875608,-4.4730926,7.807498,PE_AmateurOnPurpose,Q2,PE,PE_2048_MS_NMR10,69.61538461538461,21.68147028792452,76.0,26
0.052872024,0.021482702,0.049817080425126906,0.026481708145326997,2765.017098903179,968.198650975007,3652.7296784357804,709.5929985918498,6400.6860723350255,2477.8495003321973,-247.16924,84.09488,143.7807,31.325504,-3.1072772,15.739441,39.050682,13.332091,-20.568638,11.602449,28.95337,10.845371,-10.279509,8.572303,9.147558,9.281957,-8.15964,8.461671,1.2868159,7.703111,-9.701933,8.154759,3.784709,8.246292,-3.6000333,8.020635,PE_AmateurOnPurpose,Q3,PE,PE_1024_MS_NMR10,63.23076923076923,22.34512509216754,66.5,26
0.046735764,0.01887672,0.05292310154550399,0.031402148317816875,2909.4624304065,985.8433303890932,3833.3316579002703,676.7869648290316,6664.409254045051,2449.401136262479,-251.76846,85.7989,139.30653,31.330194,-1.0593492,15.104086,35.760582,12.241574,-17.71937,10.486229,26.200544,9.509755,-7.433557,8.217925,7.4321985,9.008063,-6.34957,7.989758,-0.117185816,6.4796996,-9.365893,6.9942994,3.024419,6.8543324,-3.6579368,6.8308597,PE_AmateurOnPurpose,Q4,PE,PE_2048_MS_NMR16,91.6923076923077,13.241659203496312,98.0,26
0.045098424,0.018251874,0.054301194819615664,0.03031123189589167,2935.9959772521925,1009.6748269100457,3819.471800315461,699.4087084077769,6714.283837642766,2470.0098813034265,-253.51662,86.60253,139.15257,31.99526,-2.4214573,15.439968,35.742,12.416648,-18.281311,10.65694,26.477606,9.627489,-7.663787,8.324558,7.8934774,9.202267,-6.663327,7.9945993,-0.07845536,6.451519,-9.592833,7.2716374,2.7724397,7.064114,-3.7492108,7.1589665,PE_AmateurOnPurpose,Q5,PE,PE_1024_MS_NMR16,94.1923076923077,8.537068493431361,97.0,26
0.045743357,0.018505236,0.05410998968908629,0.03784287327201989,2860.6577571735,989.4236406055952,3757.2340299321095,690.5204076846323,6543.767102236675,2420.696531354986,-256.4884,87.28016,141.32277,32.579998,-3.072221,15.683013,37.600803,12.551526,-18.85776,10.726572,26.97805,9.54997,-8.322386,8.369958,7.7594576,9.078646,-6.678229,7.85991,-0.1765951,6.3843784,-9.027081,7.061685,2.4260492,7.1357107,-3.243072,7.091031,PE_AmateurOnPurpose,Ref,PE,reference,99.5,1.2083045973594557,100.0,26
0.040958874,0.024024377,0.03474025522686833,0.03276016829700521,1068.4930948999272,413.78798067273,1043.6573709461954,450.2940140358941,2110.5757548376337,897.7574453612287,-395.16165,59.66493,207.28621,45.875977,-9.88384,19.95011,-42.04881,17.203167,28.933296,20.941933,22.427393,13.412515,-18.627344,12.748129,0.06438727,9.981392,23.191076,12.477081,0.93279284,9.707713,-8.441212,11.0360365,12.412887,10.579859,8.078603,10.368063,PE_CreatureFromTheBlackjackTable,LP3.5,PE,LP35,17.653846153846153,12.63627257601642,18.0,26
0.042394657,0.024217427,0.06221120162366548,0.043895126407013554,2216.648226953941,717.2408888753558,2083.655970813779,434.37970275396384,4800.5096196619215,1430.0895202937422,-331.586,80.88159,167.69081,34.593803,-61.521824,34.53269,37.157753,25.628418,8.685546,14.914245,-25.864824,12.036004,33.817337,17.67003,-4.587024,9.13596,-6.9795756,9.792753,23.147308,13.5681,-7.8827653,10.268748,6.076942,9.996939,8.597197,11.3644705,PE_CreatureFromTheBlackjackTable,LP7,PE,LP70,28.96153846153846,16.42310754816096,29.5,26
0.047741715,0.025965238,0.12505630004448398,0.07690215877964815,4894.375237333579,1516.6226778571345,4297.2067927445305,787.4608607051537,10016.372504726423,2718.3137422321806,-242.78674,94.16799,87.56244,28.040115,-19.677404,19.969906,44.01313,25.109564,-30.813139,15.209834,29.984018,22.476934,-11.944423,11.546401,19.179539,14.246605,-10.012834,9.129347,14.502974,12.105208,-2.4611495,9.709783,9.894827,10.858499,-4.312733,9.189028,PE_CreatureFromTheBlackjackTable,Q1,PE,PE_4096_MS_NMR10,38.96153846153846,18.032150774060803,40.0,26
0.048784457,0.026813366,0.1179478981316726,0.07656541831686435,4774.808279856471,1595.9152564221215,4242.6608571481565,822.6467258216719,9734.647707684608,2858.6387280158224,-250.89502,101.3914,87.74888,29.780405,-19.342098,21.494408,44.53575,26.429625,-30.832577,16.185572,29.47917,22.958212,-11.703798,12.525059,18.082373,15.254059,-9.18645,10.380641,14.136452,12.319969,-1.6241986,9.922114,9.912122,11.069128,-3.9217684,9.517054,PE_CreatureFromTheBlackjackTable,Q2,PE,PE_2048_MS_NMR10,64.61538461538461,22.362606150584366,68.5,26
0.051094294,0.028101705,0.11283432495551601,0.07515639803587766,4642.294906702585,1631.217579644669,4191.316360382126,840.1957205175163,9488.801365102314,2941.6288503290066,-252.81114,104.15236,88.62575,29.777864,-18.17071,22.36604,42.860313,27.617771,-31.37083,16.125694,28.24147,22.985085,-10.904338,13.019712,17.209812,15.135995,-7.8355703,10.830217,13.908987,12.319006,-0.30181703,10.883964,9.907772,11.086793,-3.4008448,10.263144,PE_CreatureFromTheBlackjackTable,Q3,PE,PE_1024_MS_NMR10,72.03846153846153,18.36405351599863,75.0,26
0.045430496,0.02500527,0.11879100867437722,0.07797927209420996,4860.461529662894,1659.4346493568905,4354.080002411468,851.6105324206495,9834.635335576068,2968.5021895835134,-254.65407,105.814766,82.094444,30.747194,-14.362312,21.24036,37.618042,25.23991,-27.083696,14.643364,24.367521,21.235985,-7.615924,12.823041,15.815289,14.247065,-7.0028844,10.56136,13.600867,12.39638,-2.1910017,10.341762,11.090368,11.612686,-5.892666,8.833341,PE_CreatureFromTheBlackjackTable,Q4,PE,PE_2048_MS_NMR16,82.23076923076923,16.167393586617948,84.0,26
0.04409562,0.024039052,0.12094604926601424,0.07974744706001094,4849.011330557449,1695.944926683677,4306.914384239823,859.5952052764193,9742.203486432385,3024.375330500583,-257.3777,107.610855,81.858475,31.226631,-15.236429,21.588526,37.160355,26.007528,-28.029465,14.7605715,24.338415,21.487532,-7.4976473,12.832018,15.728802,14.342418,-6.375565,10.869523,13.436054,12.340819,-1.7216318,10.592179,10.654023,11.469625,-5.567111,8.98019,PE_CreatureFromTheBlackjackTable,Q5,PE,PE_1024_MS_NMR16,91.73076923076923,9.849092109662466,94.0,26
0.044617426,0.024498716,0.11793017404359431,0.08110114562112992,4811.989526952816,1712.202138096944,4310.425629977876,875.8230703635073,9662.385036699288,3039.5412068317373,-259.06418,110.22838,80.388245,32.750767,-13.434653,21.28572,35.805336,24.906094,-25.967905,13.2018795,22.523552,19.727709,-5.8806114,11.459622,13.825413,13.253311,-5.1411557,10.089045,12.132871,11.91638,-0.73213106,10.241047,10.10255,11.289505,-5.023438,8.911408,PE_CreatureFromTheBlackjackTable,Ref,PE,reference,99.1923076923077,2.4169274837153183,100.0,26
0.031743106,0.014681122,0.030396357489849188,0.008189044220347066,875.8437634086044,140.75571714267875,694.1629643922034,128.24099652600268,1451.6676334106728,309.02594204973343,-429.63287,38.319035,212.37178,28.182936,4.956773,16.647251,-42.409103,22.884094,10.900701,18.088833,5.1174245,12.044973,-32.767742,11.41125,-20.436163,14.36876,-2.1969156,8.7346735,-25.231007,6.3172235,-36.569633,8.369701,-10.282388,10.568613,1.3713597,10.675001,SH_04_choral,LP3.5,SH,LP35,18.423076923076923,12.322899259259005,18.0,26
0.031778473,0.014683492,0.03238346958381671,0.008810937869955496,1190.855487096366,249.15541109219342,1285.9233200345006,249.3985865031609,2104.3585049303942,773.0326566106817,-388.82895,45.857025,188.33534,25.001812,-30.401138,23.723755,7.1835814,18.163147,3.2055948,18.98075,-29.059786,15.612668,-3.014771,9.73806,-16.593182,13.642268,-22.743671,10.122661,-16.735596,5.8584447,-31.322388,8.138947,-12.31006,10.368502,-3.4884744,10.966773,SH_04_choral,LP7,SH,LP70,39.23076923076923,22.321841666507165,40.0,26
0.030364523,0.014403134,0.031115184527262182,0.013829654843679626,1451.8426290148734,701.1671792105503,2246.616127590592,608.9918161301326,2139.33122462297,2009.0335292022012,-421.14273,44.79574,159.75195,26.265451,34.393703,21.847425,28.332851,23.060272,-38.51451,27.743769,-10.8048315,19.268124,-21.670189,17.432884,-23.955101,19.016905,-3.430316,16.427624,-20.3576,16.290432,-24.556751,15.651335,-9.318385,15.558511,-15.772146,18.029425,SH_04_choral,Q1,SH,SH70_MS,15.692307692307692,9.159778297619352,15.0,26
0.030703073,0.0144848535,0.0318345780162413,0.01266054220271077,1454.6047493217663,656.8858547442723,2134.78135370027,602.9771676240663,2326.8849242314386,1866.3312847399252,-398.9309,46.695393,166.0362,27.147446,8.459203,21.344294,19.1968,22.093273,-27.410189,25.100683,-8.634981,16.53857,-19.162218,14.051696,-19.466522,17.915018,-7.6140842,13.551842,-24.850426,12.23296,-25.342922,12.761706,-9.783813,13.951109,-11.627352,16.0746,SH_04_choral,Q2,SH,SH50_MS,22.807692307692307,12.671287955907973,20.0,26
0.03106352,0.014472779,0.033084736622679814,0.014299233716230248,1490.1654060485405,662.771547181122,2098.778504540564,587.8326531195373,2489.832817484774,1776.5489016306,-384.1842,47.589893,167.91339,27.148933,-7.2949605,21.554571,15.865681,20.716297,-21.700872,22.781097,-8.142139,14.781744,-17.601141,11.815982,-16.630644,16.088669,-10.752209,10.555427,-27.10291,9.0685625,-24.70607,10.141587,-10.299864,12.213494,-10.060782,13.283449,SH_04_choral,Q3,SH,SH30_MS,36.0,18.536450577173614,34.0,26
0.031303357,0.014550848,0.033759380437935034,0.014604351212758668,1502.7298870182979,648.2191358213599,2086.6987997609062,583.4159377051686,2550.085817412268,1738.8970810884573,-378.85565,47.914494,168.5795,26.951078,-12.930705,21.303656,14.5040245,19.825823,-19.14916,22.184015,-7.5068636,14.176974,-17.312773,11.133312,-15.87694,15.370874,-11.855931,10.353404,-27.55535,8.090995,-24.520721,10.041011,-11.006847,11.570929,-9.394073,12.394013,SH_04_choral,Q4,SH,SH20_MS,49.53846153846154,20.15982295404554,44.5,26
0.03146102,0.014596803,0.03421254169083527,0.014387818085208781,1528.4024328793132,639.3064769625021,2098.7948728729534,579.6399872199821,2633.0960656540024,1698.9002356715132,-373.78516,47.934017,168.0562,26.604898,-17.49967,20.837835,14.311154,19.157438,-17.79798,21.816698,-6.8430443,13.869999,-17.434866,10.396558,-15.561111,15.068056,-12.421712,9.86381,-27.825552,7.2821603,-24.351494,9.391534,-11.03429,11.057325,-9.269751,11.971587,SH_04_choral,Q5,SH,SH10_MS,59.34615384615385,22.3068461377978,59.0,26
0.03179225,0.014672315,0.03517777515951276,0.015164452437446489,1788.916161628155,735.3315642664826,2638.021580041342,659.4383074695888,3106.6766513196058,1918.8123765477656,-365.80264,50.29596,162.64766,26.067295,-21.93843,22.337084,17.919218,17.953823,-19.82023,21.415339,-5.4651246,12.728839,-16.877901,9.517557,-16.418598,14.58202,-12.70143,9.4644165,-29.065094,6.5582514,-24.129211,8.537237,-11.426714,10.448655,-10.031981,10.623578,SH_04_choral,Ref,SH,reference,100.0,0.0,100.0,26
0.02652347,0.008970917,0.060930929161832945,0.013963786108213475,1448.857759134875,216.7308927847245,432.3727239372743,261.7914840220796,1693.7038341973607,575.765563844262,-614.1196,57.842888,67.22072,37.005753,-68.1238,29.778988,-82.9242,24.643621,-18.41949,17.537247,13.293074,21.552563,18.723629,21.288277,33.388233,14.957853,24.940296,23.798304,-13.917706,12.911335,-29.197777,10.1994295,-8.115156,18.791817,8.3420925,15.375589,SH_13_glockenspiel,LP3.5,SH,LP35,21.346153846153847,11.523687978046985,20.0,26
0.027870085,0.009703309,0.07313342879930394,0.025111856029944417,2039.0648652148222,602.0983960930942,1216.2493091901974,472.46049598990186,3114.5205327363688,1649.87742053707,-577.0854,81.0559,45.970978,24.112139,-101.039696,47.97004,-38.67292,15.012551,-23.071396,14.454113,-18.661228,24.23424,43.279762,20.103128,40.222153,18.125166,6.2993703,26.389366,-9.913329,16.244446,-21.276194,10.256084,-9.087124,14.539859,0.3787356,17.662352,SH_13_glockenspiel,LP7,SH,LP70,44.19230769230769,22.778971409208502,41.0,26
0.016735053,0.011549516,0.14833497226653133,0.09020319410808189,3451.0248692831146,1712.650548753645,2678.749325549741,1057.4115267844509,5887.632379731003,3747.972925393723,-590.72943,102.277534,17.9946,20.522846,-49.85026,33.194576,-26.27216,22.879078,-48.5684,25.952568,1.141591,21.014956,15.895875,23.543375,40.765118,21.265135,14.121774,26.321428,-6.605068,18.690828,-15.4510765,16.924381,-12.692827,18.960762,1.3009856,19.623116,SH_13_glockenspiel,Q1,SH,SH70_MS,10.576923076923077,10.43138754691082,8.5,26
0.020696297,0.0109336125,0.1117427675464037,0.05762353427487538,2950.476405764205,1406.5298760620485,2437.0554401586273,1018.2990771684963,4856.18695394069,3183.8912631101853,-575.5432,100.614456,22.013391,18.076456,-64.40302,31.508648,-33.287247,19.572706,-47.86178,21.404535,1.4017563,20.687712,21.881756,23.239847,48.18941,20.06817,11.575714,27.179811,-11.996912,18.558249,-18.37199,15.159969,-15.06252,18.492708,3.0237672,19.383612,SH_13_glockenspiel,Q2,SH,SH50_MS,22.576923076923077,13.703059736929054,20.0,26
0.024564974,0.010177273,0.09227042850928074,0.047860749739254554,2724.678659714624,1323.5315765804705,2276.263026998572,1014.6239862523784,4379.308940418358,3007.9440607057636,-567.799,99.935295,24.238585,16.777454,-72.052864,30.882446,-37.057003,17.241346,-45.88106,17.975546,1.7448057,19.752216,23.019894,23.973736,51.35972,17.591629,10.508585,26.652798,-14.463579,18.349289,-19.031626,12.412471,-15.684951,18.751282,2.7063289,19.552193,SH_13_glockenspiel,Q3,SH,SH30_MS,34.15384615384615,16.452822998360638,35.0,26
0.02632764,0.009830177,0.08722334505510441,0.0463113318285893,2670.663440739202,1297.123468326066,2229.298821368564,1002.4527714950408,4228.651460085557,2950.381643701475,-565.2546,100.738434,24.306086,16.121675,-75.40242,31.885998,-37.194218,16.532743,-43.16503,17.75572,2.1647077,19.682451,22.299961,23.694372,50.873264,17.126307,9.813538,26.433544,-14.206698,17.78017,-18.283888,12.019539,-15.822554,17.851017,2.3877015,19.014578,SH_13_glockenspiel,Q4,SH,SH20_MS,45.34615384615385,20.14535640328522,43.0,26
0.027321048,0.00991156,0.08467204720127611,0.04349678007130764,2650.180879041868,1267.535788558763,2208.588221437179,980.6816532223689,4160.7294423397625,2866.781686389717,-561.82367,99.76745,25.839067,16.129263,-78.99206,32.1369,-38.575962,16.125118,-41.40723,17.45065,2.8346157,18.991926,23.156086,22.947367,50.182705,16.987839,7.831118,25.809975,-14.540743,16.923923,-17.024603,11.855858,-15.130053,16.766888,2.4297159,17.621754,SH_13_glockenspiel,Q5,SH,SH10_MS,61.38461538461539,22.54786362044426,59.5,26
0.028267533,0.010082632,0.08787079919518562,0.07124005065438248,2765.421991754281,1418.3328435955523,2423.5131982215557,954.5919463778453,4369.866306101363,3138.872725231759,-552.43286,103.712265,16.697886,16.902267,-86.198586,34.89195,-36.125473,15.6334915,-39.33186,18.496485,3.2580585,20.063555,24.20651,22.22207,51.05039,18.117065,4.460898,25.23778,-14.028304,15.681089,-15.606499,11.355777,-12.991207,14.488576,1.4911474,16.446848,SH_13_glockenspiel,Ref,SH,reference,100.0,0.0,100.0,26
0.04512202,0.018320285,0.028931814834118927,0.03075703993803765,869.5626881834664,413.3597506632686,926.6772738576285,559.8332036364046,1732.5874444796955,982.4298471349941,-382.599,53.905163,256.90692,43.344063,5.549863,14.570682,-40.174564,15.680195,34.570316,9.301188,27.1838,8.434738,-20.804804,9.057166,-4.744297,7.6829896,18.24725,7.5315576,-7.481514,6.3046646,-19.224857,7.536079,5.8513174,6.2598763,8.500272,6.1185822,SH_AmateurOnPurpose,LP3.5,SH,LP35,18.653846153846153,9.294911759418946,19.5,26
0.045400087,0.018401867,0.03747018616298042,0.03168510515194698,1434.3073303242493,497.28709156472604,1743.4271890813798,532.5529445603977,3181.9016200031724,1397.1001900041117,-321.6248,68.116455,219.15457,35.680824,-44.29646,23.876944,35.50133,14.208608,16.035397,8.253608,-19.456902,9.056372,28.5588,12.462452,-8.055553,9.242395,-10.460135,7.5461993,12.36414,7.557872,-17.887596,8.20121,0.7440852,6.8981285,7.5072646,6.1332717,SH_AmateurOnPurpose,LP7,SH,LP70,32.30769230769231,15.223059431715377,31.0,26
0.04421421,0.018072601,0.046077957872552575,0.02622766547350712,2536.4508087112904,1026.4173185368159,3554.3172890901124,712.1022017313079,6048.7064264752535,2864.0359784960715,-324.65073,76.78048,145.76874,31.397644,51.27,26.07841,55.608253,23.297697,-44.918987,23.472828,29.955389,21.158916,-21.501087,20.773233,2.6488504,18.617617,1.0182344,18.380043,9.954717,18.922993,-10.080602,18.297367,6.67276,17.283432,-8.779502,17.580002,SH_AmateurOnPurpose,Q1,SH,SH70_MS,16.115384615384617,13.387537258441295,12.5,26
0.04450951,0.018104782,0.04572493654822335,0.024715278230641187,2415.553039445233,920.1672653775174,3379.6025798092037,693.3134431391999,5614.497739530457,2630.469377167543,-298.36273,80.1015,152.56635,31.370092,20.142107,20.407974,46.69119,18.722025,-33.52503,19.349274,30.211317,17.789827,-15.306092,14.731597,7.8770227,13.896428,-5.5274305,14.103831,4.8736587,13.506642,-9.660594,13.757025,4.641218,13.778467,-4.8485856,13.088885,SH_AmateurOnPurpose,Q2,SH,SH50_MS,27.115384615384617,16.722026009014392,22.0,26
0.044923216,0.018289013,0.047330705561095,0.024670649394851425,2408.470762931343,876.7799982414313,3313.3085471267004,663.8945001992068,5522.384349222716,2437.720634542962,-282.389,81.69036,153.4687,31.035278,3.7833483,17.582075,43.71731,16.392073,-27.200718,17.006464,30.332813,15.213467,-13.4785595,11.392784,10.240784,11.611289,-8.084888,10.5457,3.7073288,10.511666,-9.940038,10.713051,3.2933226,11.211761,-3.5320194,10.316468,SH_AmateurOnPurpose,Q3,SH,SH30_MS,47.15384615384615,20.860857715237515,46.0,26
0.045104682,0.018350607,0.04879200847534445,0.025411454463184605,2401.8966472174197,858.9727110752991,3283.0162754851244,649.1191307181581,5460.1270026967,2372.8464206324584,-277.0885,82.28544,153.92476,31.214516,-1.749818,17.053467,42.445892,15.570159,-25.211493,16.304874,30.746159,14.355199,-12.702448,10.372731,11.099102,10.198113,-9.23935,9.855694,3.1819997,9.292271,-9.979167,9.466091,2.7507224,10.434744,-3.2531092,9.202132,SH_AmateurOnPurpose,Q4,SH,SH20_MS,60.19230769230769,20.185181159988097,60.5,26
0.045252148,0.018365962,0.05016833133158086,0.02669854767866976,2419.3938344548064,863.3707878755434,3277.3075786080203,643.0206014670617,5464.077619368655,2339.9282432985965,-272.61646,82.71624,153.4999,31.032934,-5.7216396,16.750238,41.951206,15.232905,-23.720922,15.702741,31.35524,13.547419,-12.718093,9.386042,11.362236,9.724996,-9.92284,9.199901,3.4063916,8.356735,-10.117698,8.983375,2.6116323,9.6030655,-3.1188014,8.752414,SH_AmateurOnPurpose,Q5,SH,SH10_MS,69.96153846153847,20.34007034251508,68.0,26
0.045743357,0.018505236,0.05410998968908629,0.03784287327201989,2860.6577571735,989.4236406055952,3757.2340299321095,690.5204076846323,6543.767102236675,2420.696531354986,-256.4884,87.28016,141.32277,32.579998,-3.072221,15.683013,37.600803,12.551526,-18.85776,10.726572,26.97805,9.54997,-8.322386,8.369958,7.7594576,9.078646,-6.678229,7.85991,-0.1765951,6.3843784,-9.027081,7.061685,2.4260492,7.1357107,-3.243072,7.091031,SH_AmateurOnPurpose,Ref,SH,reference,100.0,0.0,100.0,26
0.040958874,0.024024377,0.03474025522686833,0.03276016829700521,1068.4930948999272,413.78798067273,1043.6573709461954,450.2940140358941,2110.5757548376337,897.7574453612287,-395.16165,59.66493,207.28621,45.875977,-9.88384,19.95011,-42.04881,17.203167,28.933296,20.941933,22.427393,13.412515,-18.627344,12.748129,0.06438727,9.981392,23.191076,12.477081,0.93279284,9.707713,-8.441212,11.0360365,12.412887,10.579859,8.078603,10.368063,SH_CreatureFromTheBlackjackTable,LP3.5,SH,LP35,18.03846153846154,10.630073449344625,19.0,26
0.042394657,0.024217427,0.06221120162366548,0.043895126407013554,2216.648226953941,717.2408888753558,2083.655970813779,434.37970275396384,4800.5096196619215,1430.0895202937422,-331.586,80.88159,167.69081,34.593803,-61.521824,34.53269,37.157753,25.628418,8.685546,14.914245,-25.864824,12.036004,33.817337,17.67003,-4.587024,9.13596,-6.9795756,9.792753,23.147308,13.5681,-7.8827653,10.268748,6.076942,9.996939,8.597197,11.3644705,SH_CreatureFromTheBlackjackTable,LP7,SH,LP70,34.19230769230769,16.692559374210365,35.0,26
0.042341836,0.024003366,0.10992583685498221,0.07796114419419052,4651.6942501251715,1884.3032814055375,4153.745310206038,998.8813805968983,9516.173821174378,3185.172578666019,-322.88727,94.74349,85.70205,31.810196,35.160404,30.567263,54.693195,30.914185,-50.887604,24.606516,26.519957,27.65399,-21.499306,22.172926,11.758168,20.298094,2.8349154,19.238087,21.982388,20.108994,-4.562621,18.151392,15.142113,18.724558,-10.497406,17.4409,SH_CreatureFromTheBlackjackTable,Q1,SH,SH70_MS,15.26923076923077,11.20556180584514,15.0,26
0.042772606,0.024156278,0.10719389457295374,0.07500451925179921,4403.365419517204,1746.024326904581,4055.4409069969574,961.8907197858036,9178.38606539146,3097.1291804937578,-298.62674,100.60333,91.43618,30.561874,6.4455085,24.876339,47.834408,28.373262,-40.808056,19.629946,26.977545,24.131174,-15.879608,17.495058,16.203884,17.77071,-3.9892883,15.659728,18.16778,16.29035,-4.2242627,14.514061,13.772694,15.874673,-6.7312665,14.586298,SH_CreatureFromTheBlackjackTable,Q2,SH,SH50_MS,23.76923076923077,14.026568196983014,20.0,26
0.04341175,0.024208266,0.10866290869661922,0.07347034868884811,4342.778544203439,1664.240012015968,3993.7225933216905,936.2261155835707,9018.33536059831,3017.6699813649316,-283.22183,103.266,92.19257,30.391293,-9.959618,23.50806,45.468674,27.45403,-34.83896,17.024662,27.794899,22.08855,-13.673361,15.129042,17.764776,15.83481,-8.020197,13.111779,17.102232,14.32764,-3.2130992,12.678713,12.826955,13.444443,-5.545382,11.365522,SH_CreatureFromTheBlackjackTable,Q3,SH,SH30_MS,40.61538461538461,21.601994209937047,37.5,26
0.04382709,0.02423566,0.10970063667704626,0.0738433933131262,4297.303710452487,1630.164350380985,3960.7209018027575,925.0292003384153,8929.765694506228,2994.301585282756,-277.74774,104.16345,92.69534,30.460773,-15.751239,23.432068,44.372795,26.937906,-33.033314,16.29911,28.06442,21.557793,-12.6428,14.171722,18.769161,15.297821,-9.776943,12.429069,16.607552,13.484224,-2.8841813,11.7920685,12.568991,12.861532,-4.9394064,10.672766,SH_CreatureFromTheBlackjackTable,Q4,SH,SH20_MS,55.96153846153846,23.984129367947915,50.0,26
0.04415177,0.024290184,0.11157799988879004,0.07449192239567254,4300.549186748491,1599.2623472752023,3949.2475891579375,912.9610035129813,8919.175343360765,2957.950695100527,-273.4537,104.7144,92.13516,30.512276,-19.450518,23.345839,44.130623,26.441635,-31.947231,15.522921,28.234276,21.207706,-12.316425,13.797106,19.209505,14.659438,-10.455126,11.806338,16.811035,13.160303,-3.0618057,11.433509,12.486556,12.323563,-4.7429404,10.059573,SH_CreatureFromTheBlackjackTable,Q5,SH,SH10_MS,68.88461538461539,20.814085467446173,67.5,26
0.044617426,0.024498716,0.11793017404359431,0.08110114562112992,4811.989526952816,1712.202138096944,4310.425629977876,875.8230703635073,9662.385036699288,3039.5412068317373,-259.06418,110.22838,80.388245,32.750767,-13.434653,21.28572,35.805336,24.906094,-25.967905,13.2018795,22.523552,19.727709,-5.8806114,11.459622,13.825413,13.253311,-5.1411557,10.089045,12.132871,11.91638,-0.73213106,10.241047,10.10255,11.289505,-5.023438,8.911408,SH_CreatureFromTheBlackjackTable,Ref,SH,reference,100.0,0.0,100.0,26
0.025420407,0.023161102,0.0583848385469223,0.01944043208020354,1492.4462018518432,311.5127075712761,812.6486706100713,172.72362669991173,2367.957023366549,431.2953454868837,-540.9541,80.93374,114.43747,55.756325,-56.849434,37.242485,-71.04757,35.498432,2.5358233,12.780453,5.6146097,6.04024,-30.626013,21.981434,-16.528173,11.350162,9.725857,10.773901,-4.8092904,8.926932,-18.1607,14.883997,-1.5829091,14.675374,5.8665466,17.24091,TM_01b_trumpet,LP3.5,TM,LP35,23.53846153846154,13.130821053478014,21.0,26
0.02577905,0.023945278,0.059788092835519675,0.018634768102649444,1800.7160545210827,391.42287872697796,1221.2470438322848,308.58432863535205,2925.278039464556,755.6323805804226,-509.05734,102.93362,96.06442,46.150787,-85.43229,57.91019,-31.970505,20.759024,-1.9789283,9.384765,-23.700848,20.600784,-6.351789,9.6648855,-11.021099,9.001442,-10.657447,9.683267,3.508518,12.434825,-10.607581,11.814584,-8.776917,15.288513,3.9691381,17.81159,TM_01b_trumpet,LP7,TM,LP70,40.5,18.95310001028855,38.0,26
0.025679892,0.023719946,0.06877473432769929,0.03039310532122093,2357.4905413496085,1133.4678306751084,2152.9909279030335,1199.5362946685618,3967.324277875883,2961.0290849954704,-495.58658,115.90239,80.362274,44.5111,-78.6408,51.476604,-27.668728,22.56828,-14.372237,14.899689,-8.510092,10.4169445,-17.191936,14.135577,-9.232301,9.168412,-4.7984667,7.879031,-3.9609637,10.851063,-7.439948,12.007875,-7.5344715,15.345364,0.8558185,16.893873,TM_01b_trumpet,Q1,TM,TM3k,32.15384615384615,17.65602969569842,30.5,26
0.025782418,0.024034763,0.06713596193869828,0.03054102226648066,2370.5833373829614,1117.1832862031508,2200.880106486946,1202.9749266892013,3998.5050513212664,2971.224106678606,-495.8205,115.50592,80.6356,44.55602,-78.76695,51.414318,-27.229342,21.716467,-14.200697,14.8512745,-9.416551,10.717551,-16.230286,13.341902,-8.555866,8.10026,-6.4663205,8.526801,-3.4691567,10.322192,-5.9640293,11.068783,-9.170155,15.915023,0.6129929,16.626637,TM_01b_trumpet,Q2,TM,TM5k,58.38461538461539,17.046001110118283,57.5,26
0.025760435,0.023988845,0.06597709463294651,0.028790969468953282,2377.262240630205,1096.1163740316738,2221.677730467494,1189.1399586886985,4002.8073461938698,2945.9006357164913,-495.2848,116.05676,80.17711,44.641556,-78.948555,51.476303,-25.79017,22.17584,-14.430907,14.667349,-9.07768,10.517719,-15.146996,12.611028,-9.107646,8.317604,-6.102613,8.32834,-3.009959,10.158633,-6.6266637,11.501537,-9.017046,15.329224,0.47793472,16.754189,TM_01b_trumpet,Q3,TM,TM7k,68.42307692307692,19.481628426644576,70.5,26
0.025756793,0.023978377,0.06475171070887992,0.02548833311185932,2410.3278525332516,1065.622764105261,2301.704776458378,1157.499323047835,4052.9573288502775,2900.3140616660626,-495.3037,116.03244,79.27995,45.00897,-78.61239,51.095512,-24.762735,22.646225,-14.903349,15.66695,-8.354631,10.5530405,-14.737469,12.542897,-9.162987,8.560825,-5.4923964,8.278218,-2.990802,9.99516,-6.706411,11.807287,-9.141813,14.932286,-0.02262298,16.845028,TM_01b_trumpet,Q4,TM,TM9k,89.38461538461539,14.472254622074402,97.0,26
0.025748303,0.023952404,0.06494584069122099,0.02659501002072811,2422.895789103438,1060.0325163503014,2327.396991020818,1136.3377905225261,4061.431546023587,2871.8719221132646,-495.32938,115.68579,78.76063,44.833725,-78.324486,50.933212,-24.301746,22.97351,-15.018554,15.591724,-8.134611,10.3832035,-14.735947,12.608112,-9.240352,8.574254,-5.330762,8.221818,-3.0530827,10.043318,-6.6297884,11.817387,-9.5659685,14.913877,-0.24348125,16.594292,TM_01b_trumpet,Q5,TM,TM10.5k,93.1923076923077,11.730368215087644,96.5,26
0.025805395,0.024024183,0.07240999069752775,0.050783354353032266,2587.7938032500692,1385.3277963980506,2585.279653512669,1467.7823953098075,4374.369176100529,3627.3681113787916,-494.21008,116.47448,79.26021,44.81942,-79.1828,51.75007,-26.296768,21.503565,-15.604667,15.548066,-9.080512,10.218498,-15.681,12.945074,-9.656664,8.630265,-5.7320213,7.984419,-3.303212,9.850125,-6.226976,11.689418,-8.805122,15.069532,0.707189,16.732943,TM_01b_trumpet,Ref,TM,reference,91.76923076923077,16.879117731226813,100.0,26
0.03219857,0.021712707,0.053881439421403714,0.01796569439920477,1388.8190695037495,190.1198265239969,852.0717687139,89.51068313921358,2357.7358591031034,306.52680858926556,-454.29666,34.220478,127.381714,27.427238,-32.665115,11.012677,-47.49043,11.880021,12.109034,9.883303,2.8779483,11.472462,-35.693295,8.609055,-20.898184,8.000215,6.3977475,8.526183,-0.5885065,11.38328,-5.700159,15.06521,5.154558,15.289171,-2.2209363,12.754553,TM_02_violin,LP3.5,TM,LP35,21.153846153846153,11.79726174225971,20.0,26
0.032540962,0.02176388,0.05950686992459397,0.020377488455607547,1819.2050934385277,292.1620653225992,1378.8403187117813,135.42620952961093,3296.0539284549013,528.8941578979825,-420.6915,40.162785,108.61676,26.107166,-63.766823,17.365528,-6.7814507,9.293864,9.680575,14.031256,-29.650137,10.438826,-11.618069,6.6530747,-11.771657,7.5670514,-16.339352,10.840851,5.805926,15.250322,5.4540453,10.450077,-2.8021502,16.35553,-6.751568,14.805213,TM_02_violin,LP7,TM,LP70,42.84615384615385,19.294957491929974,42.5,26
0.03258696,0.021776179,0.06111389301769141,0.01965521104987482,2336.120842959199,596.0796924942011,2393.3613347413993,598.4631527872992,4128.329715595998,1224.4426605292056,-401.74506,40.11692,87.97927,36.986206,-56.38285,17.246904,-0.6964206,10.1110525,-3.8870893,21.94675,-16.08836,8.699246,-21.399887,10.161939,-7.4260273,6.9324718,-15.846708,11.256974,3.442723,16.254429,5.853826,9.570156,0.3139946,17.602827,-11.525481,14.041486,TM_02_violin,Q1,TM,TM3k,24.615384615384617,17.422002004538797,20.0,26
0.032525685,0.021765277,0.06089920787412993,0.020796034074572076,2255.7801832739246,536.9191759779779,2344.3397113412548,532.7352790597537,3920.866546276827,1093.818152433022,-404.05264,40.458084,92.17387,37.0917,-54.610146,16.643421,-2.24004,10.51152,-2.3946202,20.780619,-15.821672,7.7112565,-21.860214,9.838942,-7.8492317,6.7294803,-14.73186,9.893457,3.0023453,15.679147,6.7876644,9.939945,-0.14913905,16.99501,-10.283275,13.287075,TM_02_violin,Q2,TM,TM5k,48.76923076923077,24.811783800940542,50.5,26
0.03252304,0.021761328,0.06087994852088167,0.021115269590487925,2282.2265242875524,540.8937580238442,2385.63273634201,540.3758793348022,3981.219468260586,1112.222173706811,-403.9234,40.959682,92.84182,36.75453,-53.98556,17.4308,-1.7110904,11.028553,-1.9820005,21.006388,-17.336176,7.17996,-20.313162,9.391833,-7.5678067,7.2872424,-15.5554495,9.768459,4.7377796,16.5008,4.468882,8.986614,1.4744604,17.48839,-10.86037,14.202138,TM_02_violin,Q3,TM,TM7k,59.61538461538461,26.573786968479933,60.5,26
0.032521665,0.021746289,0.06076835756235499,0.021221175757822636,2329.2912355138737,564.9693682048593,2471.7069651285874,574.4999102666771,4058.634081351508,1188.7967944121388,-405.6149,40.84388,93.77157,37.336372,-52.607742,18.796816,-1.5809275,11.31438,-2.7901757,22.409002,-17.91474,7.679631,-19.833164,9.73066,-7.366136,7.4866333,-15.914194,9.971614,4.515659,15.706349,5.9299016,9.725,0.19349758,16.761995,-10.094528,14.260485,TM_02_violin,Q4,TM,TM9k,74.15384615384616,20.878107783402797,73.5,26
0.03252559,0.021750204,0.06064826983033643,0.020890983292334284,2326.6107828673134,553.1403915397409,2480.2159990592518,559.2664006045733,4043.071221088312,1143.3212215070976,-406.29916,41.55687,94.43025,37.22108,-51.79799,19.281347,-1.4568028,11.303728,-2.7452192,22.640497,-18.060087,7.6359653,-19.565794,10.000929,-7.7363806,7.4091644,-15.946203,9.894834,4.488275,15.862358,5.7830386,9.823751,0.44653407,17.191061,-10.30591,14.16366,TM_02_violin,Q5,TM,TM10.5k,72.15384615384616,21.46567922557739,71.0,26
0.03255523,0.021768948,0.060327091792343385,0.020794013545928487,2326.267837445492,542.2004029941098,2498.434249803061,531.7801283100854,4005.7253525594547,1097.6180295218103,-406.9727,39.628483,92.77633,36.386868,-56.92397,17.370663,-3.342224,10.4720955,-0.9209885,20.367676,-17.439735,8.132756,-20.453617,10.71301,-8.403607,7.0102916,-15.498376,9.601103,3.9276018,16.63039,5.555621,9.763234,-0.35607824,17.14672,-10.291062,14.428989,TM_02_violin,Ref,TM,reference,98.6923076923077,6.265902844885038,100.0,26
0.04512202,0.018320285,0.028931814834118927,0.03075703993803765,869.5626881834664,413.3597506632686,926.6772738576285,559.8332036364046,1732.5874444796955,982.4298471349941,-382.599,53.905163,256.90692,43.344063,5.549863,14.570682,-40.174564,15.680195,34.570316,9.301188,27.1838,8.434738,-20.804804,9.057166,-4.744297,7.6829896,18.24725,7.5315576,-7.481514,6.3046646,-19.224857,7.536079,5.8513174,6.2598763,8.500272,6.1185822,TM_AmateurOnPurpose,LP3.5,TM,LP35,19.53846153846154,11.943971765642347,20.0,26
0.045400087,0.018401867,0.03747018616298042,0.03168510515194698,1434.3073303242493,497.28709156472604,1743.4271890813798,532.5529445603977,3181.9016200031724,1397.1001900041117,-321.6248,68.116455,219.15457,35.680824,-44.29646,23.876944,35.50133,14.208608,16.035397,8.253608,-19.456902,9.056372,28.5588,12.462452,-8.055553,9.242395,-10.460135,7.5461993,12.36414,7.557872,-17.887596,8.20121,0.7440852,6.8981285,7.5072646,6.1332717,TM_AmateurOnPurpose,LP7,TM,LP70,30.96153846153846,17.438992560880962,30.5,26
0.045566414,0.01845632,0.04673088798495286,0.023904873514886266,2556.605319250497,881.941600098828,3437.868011564277,632.4860763679019,5842.790291878173,2341.6981596131573,-262.91214,85.063286,148.15585,29.928154,-6.991519,15.736997,40.516235,12.509488,-22.565153,12.203654,31.883299,11.176347,-13.229599,8.064831,11.666034,8.846711,-9.618593,8.516478,2.084585,7.733039,-10.526964,7.9503956,3.4233937,7.408527,-4.327867,7.452656,TM_AmateurOnPurpose,Q1,TM,TM3k,15.923076923076923,11.242501774687259,14.0,26
0.045522217,0.018369526,0.049003396369651925,0.02496993169173594,2677.7302517351054,913.294795644477,3551.915567342316,625.5295281818768,6113.352881107234,2330.310641938595,-260.10605,85.24885,145.44092,30.150972,-6.5690293,15.212069,40.537918,12.5896435,-21.490704,11.937797,29.771393,10.968615,-11.5599785,7.9463897,11.365157,8.862533,-10.358017,8.265324,2.8560877,7.476161,-11.016908,7.9415283,3.959942,7.9517274,-4.427439,7.788185,TM_AmateurOnPurpose,Q2,TM,TM5k,33.84615384615385,19.90315011789301,34.0,26
0.04547384,0.018362477,0.049832306018854244,0.02568406343860199,2716.3801103357096,908.0704256963905,3566.092847617903,614.1261056719289,6256.4807562658625,2293.7048792500445,-258.99524,85.43742,144.80115,30.012247,-7.1161513,15.101078,41.367676,12.768867,-22.467243,11.714041,30.272972,10.871588,-11.455245,7.989602,10.959953,8.934444,-9.640189,8.273554,2.4402046,7.6086984,-10.953837,7.8842154,4.0258565,8.031598,-4.544045,7.4694195,TM_AmateurOnPurpose,Q3,TM,TM7k,65.38461538461539,20.341242681954164,63.0,26
0.045565628,0.018397428,0.050151335319978244,0.02509565543924087,2814.865332238748,948.7456598989478,3627.98789510269,622.3963652432187,6496.750079314721,2301.9145047540815,-257.63507,85.5646,143.53754,30.422216,-6.9749427,15.435566,41.884262,12.9693775,-22.701998,11.968797,30.299475,11.077674,-11.474277,8.059809,11.211375,8.842133,-10.122454,8.293441,2.8566072,7.4912558,-10.945135,7.941851,4.1775613,8.1517315,-4.932798,7.800358,TM_AmateurOnPurpose,Q4,TM,TM9k,76.73076923076923,20.231772423211353,80.0,26
0.04557946,0.018399836,0.051808092367657724,0.02690597916218328,2846.7135935757483,958.985815040135,3649.63928801663,622.1825931501477,6586.0215240323605,2309.9682709985145,-256.91946,85.6097,142.78537,30.32644,-6.817278,15.4683275,42.14173,13.132551,-23.10133,12.101949,30.511316,10.989801,-11.753552,8.080031,11.56504,8.911468,-10.28206,8.262677,2.7607093,7.534114,-10.942729,7.94996,4.15195,8.125101,-5.042858,7.851789,TM_AmateurOnPurpose,Q5,TM,TM10.5k,83.96153846153847,15.100942405640172,87.5,26
0.045743357,0.018505236,0.05410998968908629,0.03784287327201989,2860.6577571735,989.4236406055952,3757.2340299321095,690.5204076846323,6543.767102236675,2420.696531354986,-256.4884,87.28016,141.32277,32.579998,-3.072221,15.683013,37.600803,12.551526,-18.85776,10.726572,26.97805,9.54997,-8.322386,8.369958,7.7594576,9.078646,-6.678229,7.85991,-0.1765951,6.3843784,-9.027081,7.061685,2.4260492,7.1357107,-3.243072,7.091031,TM_AmateurOnPurpose,Ref,TM,reference,99.96153846153847,0.19611613513818393,100.0,26
0.040958874,0.024024377,0.03474025522686833,0.03276016829700521,1068.4930948999272,413.78798067273,1043.6573709461954,450.2940140358941,2110.5757548376337,897.7574453612287,-395.16165,59.66493,207.28621,45.875977,-9.88384,19.95011,-42.04881,17.203167,28.933296,20.941933,22.427393,13.412515,-18.627344,12.748129,0.06438727,9.981392,23.191076,12.477081,0.93279284,9.707713,-8.441212,11.0360365,12.412887,10.579859,8.078603,10.368063,TM_CreatureFromTheBlackjackTable,LP3.5,TM,LP35,16.692307692307693,10.035015618400324,17.5,26
0.042394657,0.024217427,0.06221120162366548,0.043895126407013554,2216.648226953941,717.2408888753558,2083.655970813779,434.37970275396384,4800.5096196619215,1430.0895202937422,-331.586,80.88159,167.69081,34.593803,-61.521824,34.53269,37.157753,25.628418,8.685546,14.914245,-25.864824,12.036004,33.817337,17.67003,-4.587024,9.13596,-6.9795756,9.792753,23.147308,13.5681,-7.8827653,10.268748,6.076942,9.996939,8.597197,11.3644705,TM_CreatureFromTheBlackjackTable,LP7,TM,LP70,31.03846153846154,15.67030508759997,33.0,26
0.04438682,0.024407657,0.10616937277580071,0.0689266782899615,4561.106407671185,1653.6218115648874,4097.2927114636,911.4344009955191,9320.168031305606,2970.65767324346,-264.46286,107.01673,86.598946,30.514431,-17.956453,22.112074,40.176258,25.861612,-31.021093,13.68111,28.365892,21.105122,-11.418045,11.8744135,18.406046,14.233717,-8.896262,11.243236,15.644106,12.442112,-3.9493897,10.939109,13.020097,11.73473,-7.452448,9.25133,TM_CreatureFromTheBlackjackTable,Q1,TM,TM3k,16.76923076923077,11.632051211399277,15.0,26
0.044483423,0.02442657,0.11268245384786477,0.07315704156286126,4680.559742004896,1681.4272378319242,4138.987868176193,893.3700556551094,9486.425816003113,3007.437186601992,-262.28802,107.78349,84.457504,31.238033,-17.463255,22.211254,40.59528,25.500656,-30.646938,13.530313,27.190725,20.407005,-9.996747,11.659016,17.84421,14.0233965,-8.985635,11.034579,16.196491,12.5347395,-4.444871,10.79482,13.6074705,11.810224,-7.7180023,9.241529,TM_CreatureFromTheBlackjackTable,Q2,TM,TM5k,42.03846153846154,21.264958536015573,40.0,26
0.044398677,0.024351388,0.11397109931049822,0.07432882952905599,4673.542292457168,1672.8738824708746,4124.212868044125,888.3356204203292,9406.254865435943,2937.16269754941,-262.13873,107.60582,84.59864,31.398243,-17.533583,22.06182,40.761723,25.355877,-30.94485,13.77133,27.68287,20.642645,-10.497328,11.726731,18.052881,13.723258,-8.53446,11.211622,15.2635355,12.215083,-3.5242205,10.82221,13.118153,11.526739,-7.7278204,8.876816,TM_CreatureFromTheBlackjackTable,Q3,TM,TM7k,58.69230769230769,22.01048701100315,59.5,26
0.044409633,0.024382574,0.10580481261120997,0.06794527043609655,4682.433655524494,1696.391745678078,4122.83595669704,882.9753267791058,9452.401822453292,2975.4103531513147,-262.19626,107.58203,85.512665,31.461908,-18.48782,21.973284,40.88702,25.13034,-30.365646,13.7235155,27.111526,20.223255,-10.352926,11.729541,18.27805,13.848351,-9.021982,10.98212,15.810832,12.461597,-3.736243,10.89811,13.039789,11.639988,-7.4585786,9.09921,TM_CreatureFromTheBlackjackTable,Q4,TM,TM9k,82.84615384615384,16.160921527418687,89.0,26
0.0444585,0.02438748,0.10955397853647687,0.07071168678934725,4707.1909500247075,1698.4391350986798,4133.059373027854,883.7639319971202,9490.226694561832,2978.289743293181,-261.44568,107.74416,85.09953,31.538542,-18.419535,22.008484,40.709396,24.994202,-30.286499,13.716731,27.116816,20.229742,-10.2198105,11.67812,18.183321,13.748995,-9.037985,10.993396,15.779042,12.315848,-3.6427712,10.885391,13.044147,11.631757,-7.567114,9.16971,TM_CreatureFromTheBlackjackTable,Q5,TM,TM10.5k,87.96153846153847,14.157629093123658,94.0,26
0.044617426,0.024498716,0.11793017404359431,0.08110114562112992,4811.989526952816,1712.202138096944,4310.425629977876,875.8230703635073,9662.385036699288,3039.5412068317373,-259.06418,110.22838,80.388245,32.750767,-13.434653,21.28572,35.805336,24.906094,-25.967905,13.2018795,22.523552,19.727709,-5.8806114,11.459622,13.825413,13.253311,-5.1411557,10.089045,12.132871,11.91638,-0.73213106,10.241047,10.10255,11.289505,-5.023438,8.911408,TM_CreatureFromTheBlackjackTable,Ref,TM,reference,99.6923076923077,0.788377106173474,100.0,26
0.037544932,0.015757542,0.04875729116295938,0.01309102949606267,1214.4961081430602,168.7071995680689,845.6364203079368,130.27144665246377,2217.107741099492,283.75460718948403,-432.2189,46.874237,210.66127,38.583057,-15.091059,13.395189,-49.95987,13.832585,24.168901,12.294372,16.137161,10.585117,-33.54774,8.563093,-17.732906,8.34792,14.118471,12.113107,-0.7934177,12.582758,-12.578053,11.402552,5.9722257,10.647128,6.085634,14.700711,UN_20c_accordion,LP3.5,UN,LP35,23.807692307692307,14.859392264205773,20.5,26
0.03786257,0.015768336,0.053891799897243714,0.015582524119023014,1630.9150503640244,253.52726854648193,1417.8755117768064,131.93939817942763,3033.8492240389264,537.9742121902772,-383.00195,56.746597,181.99008,33.803642,-58.746414,20.547922,10.801318,10.825871,15.932066,12.563801,-28.701746,9.209361,5.2370553,7.9952965,-10.70925,8.572349,-17.656355,12.647401,13.644673,13.542939,-1.642439,9.304788,-5.884697,11.544129,3.8281777,15.723679,UN_20c_accordion,LP7,UN,LP70,43.80769230769231,20.530989709742162,40.0,26
0.037825923,0.01577548,0.05439047011000967,0.015266771315430106,2398.9014558197873,498.763209548262,2549.9478638664327,336.30960280464154,4581.9699078971225,748.9850740582416,-337.4266,55.804893,137.21115,38.891182,-54.271603,14.72301,33.989258,12.809925,-11.044795,14.022944,-9.201723,11.071831,-7.071141,8.55891,-6.7848973,9.937811,-11.854949,11.092976,4.329641,15.169289,1.9644582,10.708396,-0.68780744,11.873773,-5.5238543,17.135433,UN_20c_accordion,Q1,UN,UN3k,22.192307692307693,10.49959706186568,20.0,26
0.03781462,0.015768273,0.05454158229569633,0.016016431928298516,2294.8312603003837,505.6649037767485,2624.2569475674154,393.9867862847636,4393.210765609889,1049.3520555191915,-344.579,59.661118,140.12662,37.23443,-45.549026,16.934622,26.6952,11.025373,-15.123546,16.045048,-1.282788,9.194421,-7.4877844,8.303924,-12.67733,10.428083,-8.775152,11.893727,6.502842,16.046322,-0.56038946,8.9365225,-0.36315244,11.6686,-5.282452,17.15102,UN_20c_accordion,Q2,UN,UN5k,33.38461538461539,12.195333281470983,32.5,26
0.037807282,0.015758084,0.054575110311895554,0.015918311896179906,2192.820589471481,462.57654151628753,2595.050654843175,411.7284089794346,4012.8602608951887,1006.874941138271,-349.36884,61.590595,143.93657,35.29615,-42.61511,17.671131,20.364775,11.405436,-10.761078,14.316943,-0.11701136,8.928816,-13.177298,8.905171,-7.9524894,10.015701,-8.474116,12.145969,2.3035424,15.135138,3.3437533,9.760984,-0.91665345,11.848827,-7.7905927,16.564379,UN_20c_accordion,Q3,UN,UN7k,49.07692307692308,20.813309351322438,46.0,26
0.037800677,0.01574686,0.05464074966755319,0.01614302919608973,2102.922397508231,425.7199450377948,2512.0146366903773,418.1071218695705,3763.062609556335,864.1029235174615,-353.66376,63.957863,147.0696,34.735874,-41.010395,19.604553,17.787115,12.187506,-8.425418,14.512183,-2.9369018,8.577947,-11.556615,9.002922,-6.5865626,10.558456,-11.91305,11.409559,4.9778657,15.045449,2.6649394,10.090135,-1.4582924,11.838268,-6.442652,16.382408,UN_20c_accordion,Q4,UN,UN9k,74.34615384615384,21.26206444857565,74.5,26
0.03779699,0.015743975,0.05452127659574468,0.015913277165344172,2051.967135193799,388.2856690090668,2429.755573514222,369.76749095989584,3662.789521503264,758.0998956279758,-356.00677,64.013985,149.39328,34.222916,-42.16314,19.668419,18.287138,12.2325,-7.754272,14.363173,-4.3964643,8.377359,-9.703871,8.848033,-8.3338995,10.064375,-10.702391,11.724177,4.551377,15.017746,2.361357,9.708842,-0.6378204,11.9612,-7.5566635,16.604506,UN_20c_accordion,Q5,UN,UN10.5k,92.1923076923077,9.608409777977752,95.0,26
0.03787632,0.015769402,0.054667194300048357,0.01599096283185184,2023.2679192244202,369.2748003108955,2433.6191745504298,369.64529651581483,3590.526257631165,736.7245225728097,-352.6265,62.526237,146.67598,34.599762,-42.72225,18.191296,16.73363,12.778338,-5.00371,12.660923,-5.107596,8.326524,-9.866053,8.219088,-8.743281,9.653878,-9.664644,11.920288,3.7192252,14.334814,2.542632,9.667129,-1.2959907,11.695551,-6.824564,16.2444,UN_20c_accordion,Ref,UN,reference,99.15384615384616,3.068449871740554,100.0,26
0.0211465,0.012538022,0.06322732381090487,0.021768994520617504,1512.2600830249594,229.6115711310566,879.2275358167072,119.14903388952986,2534.4729961209396,368.0405002861661,-539.41034,33.315857,140.48743,24.12843,-38.099957,13.465571,-51.944687,15.521416,15.863988,9.691527,4.9909434,6.710407,-35.605682,9.698106,-16.09593,7.615918,9.396137,10.290999,-9.165504,15.315759,-19.369493,18.768492,-1.7108302,14.463233,-1.1421125,14.920158,UN_21_violin,LP3.5,UN,LP35,22.923076923076923,14.302232208779376,20.0,26
0.021885438,0.012566963,0.07574477051914154,0.03046268250295565,2116.2429601950466,401.48631651892987,1482.7050572194148,161.04144224837438,3777.4284345091355,578.3410395501998,-490.4911,41.97708,111.8603,20.803581,-81.075386,21.40711,8.023093,12.593447,7.3345666,11.070939,-38.130367,11.6656065,1.5816832,8.204412,-9.749479,8.492914,-19.445332,11.177946,3.0220015,17.576164,-9.655516,16.376055,-9.827259,15.240416,-5.632465,14.772591,UN_21_violin,LP7,UN,LP70,40.15384615384615,18.728998494724287,37.5,26
0.021961434,0.012571961,0.07730137942285382,0.0268525613017576,2998.8586359300093,623.0460455428442,2438.7656908277095,375.47282353056676,5018.735158968968,1050.8025351474616,-444.1794,49.587692,71.98504,27.790112,-85.89379,20.126812,37.57527,18.945692,-19.962883,17.365963,-20.547035,8.890302,-13.625461,8.504226,-2.380941,9.332707,-10.3233185,10.6054945,-17.6253,20.287533,4.0576873,15.455747,-6.7178855,16.877583,-15.010564,16.287903,UN_21_violin,Q1,UN,UN3k,15.346153846153847,10.51833563903456,14.5,26
0.021872086,0.012557852,0.07745998586136892,0.031152067589990035,2890.2184107485828,682.5574310489335,2601.7427974671073,411.73470123012953,5196.27167243692,1326.2719545765342,-456.71896,49.39787,75.83946,27.149158,-69.77156,19.163157,29.376015,17.263302,-27.570261,19.233728,-8.507195,9.51456,-12.430465,8.456424,-12.578197,8.942975,-6.661631,11.0945,-10.839583,20.93465,-0.5414722,14.766233,-9.308946,16.753258,-10.41176,15.570568,UN_21_violin,Q2,UN,UN5k,26.26923076923077,14.736506213638815,21.0,26
0.021852082,0.012536767,0.07722604136455917,0.030833812904114317,2775.6493305551676,642.8972221200902,2584.511283168402,435.6968392178885,4864.705309237239,1363.1651729308483,-461.10855,48.586063,79.512505,26.304796,-65.755295,19.266499,24.755873,16.706902,-24.25535,18.88531,-8.872599,9.680215,-17.311167,9.10493,-8.436264,8.385287,-6.37073,11.0116625,-14.013499,20.035267,3.2531734,15.932709,-9.240758,16.839886,-11.986336,15.758014,UN_21_violin,Q3,UN,UN7k,34.42307692307692,16.575097168760312,31.5,26
0.021848705,0.01254002,0.07718129169083526,0.03058771304555266,2660.6467178293024,599.2339570873099,2493.242534392507,436.42730669534416,4523.821214290893,1155.4676388825208,-466.8868,49.13552,80.42992,26.284649,-62.221024,20.286888,24.613787,17.407522,-23.033556,18.546864,-10.808543,10.205475,-15.3554325,9.274709,-7.7059593,9.242728,-9.462395,11.159038,-11.489027,21.0063,3.033496,16.898952,-10.856353,17.113476,-11.513293,15.802028,UN_21_violin,Q4,UN,UN9k,67.34615384615384,25.32657467198011,73.0,26
0.021849338,0.0125264665,0.07713994072650812,0.030457126534181818,2618.032420327321,580.4909066499145,2441.3757353401074,431.76224631784305,4435.315252954611,1103.1124400188073,-468.82288,49.408875,81.438866,26.6322,-62.03154,20.711184,24.77742,17.662107,-22.391249,18.280834,-11.485967,10.066229,-14.206712,9.782864,-8.82882,9.349344,-9.02009,10.947569,-11.027866,21.278603,2.378226,16.67192,-10.121644,17.393873,-12.7758665,15.935232,UN_21_violin,Q5,UN,UN10.5k,82.11538461538461,19.11716908556688,87.5,26
0.021903811,0.012569852,0.07752626069460557,0.030728499952360742,2590.0573969897596,579.7489913237508,2426.1776849703874,489.3603906983692,4373.438519612819,1208.8361918818744,-463.86136,47.98148,82.062515,24.081388,-71.0498,19.49973,20.250128,14.36801,-19.498724,15.324602,-10.056561,8.753184,-15.593315,7.942817,-8.688924,7.749987,-7.6876507,9.910246,-12.687562,19.788046,0.978357,14.903979,-10.88056,16.174978,-12.604945,15.294684,UN_21_violin,Ref,UN,reference,100.0,0.0,100.0,26
0.04512202,0.018320285,0.028931814834118927,0.03075703993803765,869.5626881834664,413.3597506632686,926.6772738576285,559.8332036364046,1732.5874444796955,982.4298471349941,-382.599,53.905163,256.90692,43.344063,5.549863,14.570682,-40.174564,15.680195,34.570316,9.301188,27.1838,8.434738,-20.804804,9.057166,-4.744297,7.6829896,18.24725,7.5315576,-7.481514,6.3046646,-19.224857,7.536079,5.8513174,6.2598763,8.500272,6.1185822,UN_AmateurOnPurpose,LP3.5,UN,LP35,18.0,10.729398864801327,20.0,26
0.045400087,0.018401867,0.03747018616298042,0.03168510515194698,1434.3073303242493,497.28709156472604,1743.4271890813798,532.5529445603977,3181.9016200031724,1397.1001900041117,-321.6248,68.116455,219.15457,35.680824,-44.29646,23.876944,35.50133,14.208608,16.035397,8.253608,-19.456902,9.056372,28.5588,12.462452,-8.055553,9.242395,-10.460135,7.5461993,12.36414,7.557872,-17.887596,8.20121,0.7440852,6.8981285,7.5072646,6.1332717,UN_AmateurOnPurpose,LP7,UN,LP70,28.115384615384617,16.71963378325476,26.5,26
0.04563525,0.018459484,0.05284520315899202,0.029080854659538708,2859.227380456492,960.1289443670453,3629.017535891481,589.2370129570795,6633.585074952412,2239.391227689727,-257.84576,85.21221,143.9387,30.134825,-8.21966,15.675241,43.93221,13.7635145,-24.116304,12.605483,31.510311,11.30544,-13.225687,8.183921,12.562027,9.219831,-10.0919,8.518281,1.826027,7.9318566,-11.009336,8.049886,5.049014,7.82952,-5.3963737,7.592764,UN_AmateurOnPurpose,Q1,UN,UN3k,45.69230769230769,18.952085332794873,45.5,26
0.045571737,0.018388674,0.05364224528643945,0.030674822237586462,2880.7517247703736,985.7776184454023,3683.5396361958165,595.3910235821177,6684.849401173858,2280.544133731164,-257.3834,85.37475,142.54642,30.179337,-5.7737107,15.25746,41.70816,13.195592,-23.521908,12.220049,31.307606,10.970498,-11.885066,8.018697,10.695249,8.96955,-9.450744,8.37475,2.5844827,7.57793,-11.465731,7.9534597,4.6579742,7.9159994,-5.1525207,7.6555696,UN_AmateurOnPurpose,Q2,UN,UN5k,69.23076923076923,20.955777613455805,71.0,26
0.04553186,0.018386573,0.05324142267947788,0.03016121619977367,2876.2286222933176,976.3349945301856,3683.230023042502,599.7798515987527,6677.885072969543,2293.051620899389,-257.16522,85.44422,142.73752,30.088003,-6.199528,15.326347,41.614452,13.035541,-23.333954,12.033174,31.270472,11.087306,-12.139251,8.058861,11.14826,8.895662,-9.562409,8.288044,2.4410226,7.4515038,-11.227199,7.9481487,4.677877,8.016361,-5.45135,7.8205643,UN_AmateurOnPurpose,Q3,UN,UN7k,72.84615384615384,17.746418923697945,75.0,26
0.045585714,0.018427512,0.053250274768854244,0.02976448042638309,2861.5861762220125,964.9086338992332,3676.5407941529043,605.2945163449114,6626.605131662436,2300.7451441860644,-257.02878,85.47335,142.87926,30.204992,-6.6313305,15.311585,41.800304,13.093594,-22.800117,11.979017,30.527472,10.977121,-11.779196,8.199216,11.536795,8.882953,-10.391725,8.366524,2.978795,7.3021994,-10.980225,7.932322,4.2547016,8.177397,-5.044611,7.9193425,UN_AmateurOnPurpose,Q4,UN,UN9k,78.96153846153847,16.234483716412466,80.0,26
0.045540184,0.018385597,0.05109638438179841,0.028234474648153124,2709.2963208838773,905.8259389500794,3494.690792361862,573.5641859119813,6229.372967560279,2145.8197227949936,-260.1168,84.81542,146.99597,30.069872,-10.16441,15.611266,44.251877,13.584933,-23.825008,12.313152,29.920456,10.877297,-10.115854,8.016266,9.292555,8.709055,-7.8402557,8.121768,0.5563069,7.296001,-9.23911,7.6979756,3.0443695,8.015877,-4.4803767,7.839161,UN_AmateurOnPurpose,Q5,UN,UN10.5k,82.65384615384616,16.45586170990096,84.5,26
0.045743357,0.018505236,0.05410998968908629,0.03784287327201989,2860.6577571735,989.4236406055952,3757.2340299321095,690.5204076846323,6543.767102236675,2420.696531354986,-256.4884,87.28016,141.32277,32.579998,-3.072221,15.683013,37.600803,12.551526,-18.85776,10.726572,26.97805,9.54997,-8.322386,8.369958,7.7594576,9.078646,-6.678229,7.85991,-0.1765951,6.3843784,-9.027081,7.061685,2.4260492,7.1357107,-3.243072,7.091031,UN_AmateurOnPurpose,Ref,UN,reference,96.88461538461539,10.474070548079856,100.0,26
0.040958874,0.024024377,0.03474025522686833,0.03276016829700521,1068.4930948999272,413.78798067273,1043.6573709461954,450.2940140358941,2110.5757548376337,897.7574453612287,-395.16165,59.66493,207.28621,45.875977,-9.88384,19.95011,-42.04881,17.203167,28.933296,20.941933,22.427393,13.412515,-18.627344,12.748129,0.06438727,9.981392,23.191076,12.477081,0.93279284,9.707713,-8.441212,11.0360365,12.412887,10.579859,8.078603,10.368063,UN_CreatureFromTheBlackjackTable,LP3.5,UN,LP35,17.115384615384617,10.234556846593499,17.5,26
0.042394657,0.024217427,0.06221120162366548,0.043895126407013554,2216.648226953941,717.2408888753558,2083.655970813779,434.37970275396384,4800.5096196619215,1430.0895202937422,-331.586,80.88159,167.69081,34.593803,-61.521824,34.53269,37.157753,25.628418,8.685546,14.914245,-25.864824,12.036004,33.817337,17.67003,-4.587024,9.13596,-6.9795756,9.792753,23.147308,13.5681,-7.8827653,10.268748,6.076942,9.996939,8.597197,11.3644705,UN_CreatureFromTheBlackjackTable,LP7,UN,LP70,30.03846153846154,16.41336228621246,30.0,26
0.044655904,0.024433583,0.11688931828291815,0.0763645601281242,4841.632262687001,1716.5815041820233,4141.267624717029,885.1577722645916,9663.473191447954,2964.367340970473,-260.33405,107.51123,83.32238,31.382845,-19.224022,22.598118,42.91285,25.803774,-31.750792,14.302535,27.473618,21.318789,-11.386768,12.007242,19.830984,14.162544,-10.065234,10.943438,15.858908,12.65997,-4.057528,10.7285595,13.68147,11.863431,-7.924127,9.212473,UN_CreatureFromTheBlackjackTable,Q1,UN,UN3k,62.53846153846154,22.611909727806307,62.0,26
0.044553258,0.024423724,0.11862940669483986,0.07808434011350572,4862.831655469741,1727.7410757525747,4182.312762214091,883.2347799999272,9713.926789090303,2990.6236901758007,-260.75595,107.86961,82.783005,31.620745,-16.869734,22.366646,41.023743,25.498226,-31.646774,13.940423,28.083557,20.563698,-10.462182,11.741706,18.09565,13.973321,-9.257196,10.80574,16.482931,12.417387,-4.564837,10.6250515,13.537978,11.6880455,-7.593732,9.124369,UN_CreatureFromTheBlackjackTable,Q2,UN,UN5k,83.11538461538461,14.626898298892826,82.0,26
0.044468526,0.024342079,0.11810011677046263,0.07748893736698938,4860.427112397855,1738.3178836521693,4195.24348545312,892.2182103635649,9743.567511399022,3007.707407932474,-261.08798,107.76825,83.27708,31.74377,-16.696255,22.25091,40.474434,25.363373,-31.136591,13.986027,28.180563,20.700157,-11.202243,11.64008,18.647436,13.812307,-9.155002,10.754356,15.96121,12.254209,-4.1390758,10.620001,13.569279,11.848958,-8.0032215,8.990381,UN_CreatureFromTheBlackjackTable,Q3,UN,UN7k,84.92307692307692,15.742739474241645,86.0,26
0.04444491,0.024371803,0.118003503113879,0.07850782772856717,4823.0411161496495,1729.2712842030924,4205.569585872713,899.1926324931358,9749.95850478203,3028.0723337446984,-260.85876,107.470955,83.843864,31.4481,-17.175026,22.162493,40.03758,25.04796,-30.129038,13.742211,27.401869,20.358427,-10.980495,11.668165,19.05015,13.881638,-9.754441,10.708682,16.463518,12.572218,-4.1683455,10.629888,13.301018,11.662272,-7.610629,9.030998,UN_CreatureFromTheBlackjackTable,Q4,UN,UN9k,89.76923076923077,12.199369466682096,95.0,26
0.044103593,0.024324862,0.1074674015791815,0.07037464776871523,4488.231635314558,1582.8089706028036,4001.5602552412456,845.9264946121266,9002.56477980427,2786.040406875527,-264.34842,106.59134,88.93359,30.467651,-21.495548,22.641502,42.68858,25.611187,-31.03134,13.929405,26.699661,20.168465,-8.8921795,11.366822,16.312462,13.314486,-7.0208507,10.566256,13.956364,11.893514,-2.236811,10.740484,12.13259,11.433321,-7.091741,9.142842,UN_CreatureFromTheBlackjackTable,Q5,UN,UN10.5k,90.1923076923077,10.91428139922819,94.5,26
0.044617426,0.024498716,0.11793017404359431,0.08110114562112992,4811.989526952816,1712.202138096944,4310.425629977876,875.8230703635073,9662.385036699288,3039.5412068317373,-259.06418,110.22838,80.388245,32.750767,-13.434653,21.28572,35.805336,24.906094,-25.967905,13.2018795,22.523552,19.727709,-5.8806114,11.459622,13.825413,13.253311,-5.1411557,10.089045,12.132871,11.91638,-0.73213106,10.241047,10.10255,11.289505,-5.023438,8.911408,UN_CreatureFromTheBlackjackTable,Ref,UN,reference,98.11538461538461,4.003267895876298,100.0,26
